Doc_name,Page_num,Paragraph_num,Paragraph_content,Paragraph_length,SA_label,17 SDG Alignment,GRI Topic Alignment,Informative & Non-Informative/Vague Sustainability Text Identification,Qualitative & Quantitative Sustainability Text Identification,High Potential Greenwashing Detection,Climate Alignment,GRI Climate Alignment,GRI Climate Action (SDG13) Alignment,Climate Action (SDG13) Alignment
ASICS_sustainability_report_2024.pdf,3,1,"Welcome to the ASICS 2024 Sustainability Report, in which we share our sustainability performance, achievements, and challenges. This report includes our targets, approach, activities, and performance, as well as plans for the short, medium and long term.",26,Relevant,SDG_8: Economic Growth,General,Informative,Qualitative,High Potential Greenwashing,Non-Climate,GRI 2,General Aspect (GRI 2),Non-Climate Action
ASICS_sustainability_report_2024.pdf,3,2,"Purpose, Profit, Performance Our Mid-Term Plan 2026 identifies sustainability as one of the five key focus areas that will help guide our strategy to transform into a globally integrated enterprise. In 2024, the first year of implementing the Plan, we shifted to Global Integrated Enterprise through global growth, enhancement of brand experience, operational excellence, and the reinforcement of our business foundations. We recorded the highest sales and profit, with the latter at over ¥100 billion.",61,Relevant,SDG_8: Economic Growth,General,Informative,Qualitative,High Potential Greenwashing,Non-Climate,GRI 2,General Aspect (GRI 2),Non-Climate Action
ASICS_sustainability_report_2024.pdf,3,3,"Inspiring Well-Being Our founding philosophy – Anima Sana In Corpore Sano: Sound Mind, Sound Body – drives us to provide products and services that support people’s physical and mental well-being, while protecting the planet.",26,Irrelevant,N/A,N/A,N/A,N/A,N/A,N/A,N/A,N/A,N/A
ASICS_sustainability_report_2024.pdf,3,4,"Our sustainability results in 2024 show how our stakeholders respond to our philosophy. We expanded consumer touch points last year, with 17.64 million OneASICS members – a significant increase from 9.45 million in 2023.",27,Relevant,SDG_8: Economic Growth,General,Informative,Quantitative,Low Potential Greenwashing,Non-Climate,GRI 2,General Aspect (GRI 2),Non-Climate Action
ASICS_sustainability_report_2024.pdf,3,5,"We also engaged tens of thousands of people across several initiatives, including our Move Her Mind research and campaign, which aims to close the gender gap in sports and exercise, and events like Run for Reforestation, which enabled us to plant nearly 100,000 trees around the world.",41,Relevant,SDG_5: Gender Equlaity,Environmental,Informative,Qualitative,High Potential Greenwashing,Climate,GRI 101,General Aspect (GRI 2),Non-Climate Action
ASICS_sustainability_report_2024.pdf,3,6,"Cutting Climate Impacts On the road to net-zero in 2050, we have set ambitious targets for reducing greenhouse gas (GHG) emissions and increasing our use of renewable energy. We are embracing circularity as our approach to climate change, including in our product design. The NIMBUS MIRAI™ was designed to be recycled at the end of its life, with emissions 57% lower than the industry average.",65,Relevant,SDG_12: Responsible Consumption,Environmental,Informative,Quantitative,High Potential Greenwashing,Climate,GRI 302,Environmental Aspect (GRI 305),Climate Action (SDG13)
ASICS_sustainability_report_2024.pdf,3,7,"Success Is Collaborative Our efforts are being recognized: for the first time, in 2024, ASICS achieved CDP's climate change 'A' rating. These achievements result from the dedication of ASICS employees worldwide, who collaborate with each other, our business partners, and consumers to create a positive impact on both people and the planet. We continue to work towards the 2026, 2030, and 2050 targets driving our progress, and you can read about our plans throughout this report.",76,Relevant,SDG_13: Climate Action,Economic,Informative,Qualitative,High Potential Greenwashing,Climate,GRI 101,Economical Aspect (GRI 201),Climate Action (SDG13)
ASICS_sustainability_report_2024.pdf,4,1,"As one of the world’s top sports performance and lifes- tyle brands, ASICS pursues goals connected to our company’s foun- ding philosophy – Anima Sana In Corpore Sano: Sound Mind, Sound Body – to help people around the world to be happy and healthy. In addition to our business goals, our sustainability efforts are central to this pursuit, and this year’s external recognition reflects the progress we made in 2024.",56,Irrelevant,N/A,N/A,N/A,N/A,N/A,N/A,N/A,N/A,N/A
ASICS_sustainability_report_2024.pdf,4,2,"ASICS has been recognized as an ‘A List Company' of climate by CDP for the first time. (Last year, ASICS received an 'A-'rating.) This recognition reflects ASICS’ ongoing commitment to climate action. Read the full press release. ",28,Relevant,SDG_13: Climate Action,Economic,Informative,Qualitative,High Potential Greenwashing,Climate,GRI 201,Economical Aspect (GRI 201),Climate Action (SDG13)
ASICS_sustainability_report_2024.pdf,5,1,"Recycled polyester used in total polyester consumption 1 From FY24, the membership of local programs in China, India, and other countries are counted in addition to the membership of the global programs in Japan, the U.S., Europe, and Australia. In addition, in accordance with our ASICS Privacy Policy, we have closed and deleted “inactive” accounts which hadn’t been used for two years.",49,Relevant,SDG_12: Responsible Consumption,Environmental,Informative,Quantitative,Low Potential Greenwashing,Climate,GRI 306,Environmental Aspect (GRI 305),Climate Action (SDG13)
ASICS_sustainability_report_2024.pdf,6,1,"Sustainability is integral to our efforts, guiding us in developing high-quality, functional products and services with consideration for their impact on people and the planet. All this is guided by our Sustainability Framework, supported by governance and policies, and enabled by strong collaboration with our supply chain.",41,Relevant,SDG_8: Economic Growth,Environmental,Non-informative/Vague,Qualitative,High Potential Greenwashing,Non-Climate,GRI 2,General Aspect (GRI 2),Non-Climate Action
ASICS_sustainability_report_2024.pdf,7,1,"Since 1949, our purpose has been to help people achieve a sound mind in a sound body. To do this, we need a sound Earth to run on.",24,Irrelevant,N/A,N/A,N/A,N/A,N/A,N/A,N/A,N/A,N/A
ASICS_sustainability_report_2024.pdf,7,2,"Our commitment to sustainability falls under two pillars: People and Planet. Through the ASICS Sustainability Framework, we structure our efforts to achieve targets that make a difference to the environment and help improve the well-being of people today and in the future. Our strategy is informed by our double materiality analysis (see page 11) and is aligned with our overall business strategy, set out in our Mid-Term Plan 2026. It is also designed to contribute to several Sustainable Development Goals (SDGs). In using this Framework, we look back at our perfor- mance and forward to what tomorrow may bring – our plan, do, check, act approach.",88,Relevant,SDG_8: Economic Growth,Environmental,Informative,Qualitative,High Potential Greenwashing,Non-Climate,GRI 2,General Aspect (GRI 2),Non-Climate Action
ASICS_sustainability_report_2024.pdf,8,1,Product Use Supporting consumers to improve their mental and physical health; providing durable products; helping consumers reduce their environmental impact; offering repair services for some products in Japan.,24,Irrelevant,N/A,N/A,N/A,N/A,N/A,N/A,N/A,N/A,N/A
ASICS_sustainability_report_2024.pdf,8,2,"The impact we have on people and the planet does not end with our direct actions – we are part of an extensive value chain, and our sustainability efforts reflect this position. We take action to increase our positive impacts and mitigate negative impacts throughout the value chain, working with suppliers to make progress upstream and engaging with consumers and partners to do so downstream.",60,Relevant,SDG_8: Economic Growth,Environmental,Informative,Qualitative,High Potential Greenwashing,Climate,GRI 306,General Aspect (GRI 2),Non-Climate Action
ASICS_sustainability_report_2024.pdf,9,1,"At ASICS, we work together to pursue shared sustainability goals, steered by our policies and guidelines. They are designed to give ASICS employees, suppliers and other business partners clarity on how we can create, make, and sell products while protecting the planet and improving people’s well-being.",38,Relevant,SDG_8: Economic Growth,Environmental,Informative,Qualitative,High Potential Greenwashing,Climate,GRI 306,General Aspect (GRI 2),Non-Climate Action
ASICS_sustainability_report_2024.pdf,9,2,We provide training to ensure our policies and guidelines are fully integrated into the way we work – at ASICS and among our business partners and suppliers.,25,Relevant,SDG_8: Economic Growth,Social,Non-informative/Vague,Qualitative,High Potential Greenwashing,Non-Climate,GRI 2,General Aspect (GRI 2),Non-Climate Action
ASICS_sustainability_report_2024.pdf,10,1,Our robust sustainability governance structure ensures the integration of sustainability into our business and keeps us on track to achieve our goals. Our governing bodies are also responsible for dealing with grievances and violations of ASICS policies.,35,Relevant,SDG_8: Economic Growth,General,Non-informative/Vague,Qualitative,High Potential Greenwashing,Non-Climate,GRI 2,General Aspect (GRI 2),Non-Climate Action
ASICS_sustainability_report_2024.pdf,10,2,"→Board of Directors Chaired by the CEO, the Board of Directors oversees the ASICS sustainability strategy, including climate action, human rights, and other topics, and ensures sustainability is integrated and prioritized in corporate objectives. The Chief Administrative Officer (CAO) and the General Manager of the sustainability department report to the Board of Directors at least twice a year on sustainability-­ related risks and opportunities based on information from the Sustainability Committee and Risk Management Committee.",65,Relevant,SDG_12: Responsible Consumption,General,Informative,Qualitative,High Potential Greenwashing,Non-Climate,GRI 2,Economical Aspect (GRI 201),Non-Climate Action
ASICS_sustainability_report_2024.pdf,10,3,"How We Deal with Critical Concerns ASICS employees, subsidiaries, suppliers, and partners are encouraged to use our confidential Global Whistleblowing System to report their concerns, which they can do anonymously. All reports are dealt with promptly and confidentially by each regional compliance committee, according to the process outlined in our Global Policy on Protected Disclosure. Critical concerns are ultimately reported to the compliance committee at ASICS’ Headquarters, as disclosed in the GRI content index.",64,Relevant,SDG_16: Peace,Economic,Informative,Qualitative,High Potential Greenwashing,Non-Climate,GRI 2,General Aspect (GRI 2),Non-Climate Action
ASICS_sustainability_report_2024.pdf,11,1,"Our sustainability efforts have a greater impact when we focus on our most important impacts, risks, and ­opportunities, as determined by our business and our stakeholders. To do this, we update our materiality assessment regularly, ­including an annual update and a comprehensive review every three years.",38,Relevant,SDG_8: Economic Growth,General,Non-informative/Vague,Qualitative,High Potential Greenwashing,Non-Climate,GRI 2,General Aspect (GRI 2),Non-Climate Action
ASICS_sustainability_report_2024.pdf,11,2,"Our last comprehensive assessment was conducted in 2023, and our annual review in 2024 resulted in no changes. This double materiality assessment involved determining the outward impact ASICS has on people and the planet, as well the opportunities and risks that sustainability issues can bring to the business. ASICS is planning to conduct a DMA validation process in 2025 to anticipate on the upcoming CSRD legislation.",59,Relevant,SDG_12: Responsible Consumption,Economic,Informative,Qualitative,High Potential Greenwashing,Non-Climate,GRI 2,General Aspect (GRI 2),Non-Climate Action
ASICS_sustainability_report_2024.pdf,11,3,"Importance to Social Value Creation & Impact 5. Climate Action 6. Circularity 7. Diversity, Equity and Inclusion 8. Corporate Governance & Disclosure 9. Biodiversity & Water Man- agement 4. Human Rights and Trans- parency 3. Quality of Products and Services 2. Innovation 1. Mental and Physical Well-Being. ",31,Relevant,SDG_13: Climate Action,Social,Informative,Qualitative,High Potential Greenwashing,Non-Climate,GRI 2,General Aspect (GRI 2),Non-Climate Action
ASICS_sustainability_report_2024.pdf,11,4,Material Topics We mapped the topics in terms of their importance to social value creation and impact and their importance to ASICS philosophy and strategy. The resulting matrix reveals the most material topics for ASICS to focus on:,36,Relevant,SDG_8: Economic Growth,General,Informative,Qualitative,High Potential Greenwashing,Non-Climate,GRI 2,General Aspect (GRI 2),Non-Climate Action
ASICS_sustainability_report_2024.pdf,12,1,"ASICS operates within an extensive value chain, and our impacts, risks, and opportunities reach beyond our direct activities. This visual shows our priority material topics appear in the value chain, helping us make a positive impact on people and the planet.",35,Relevant,SDG_8: Economic Growth,Economic,Informative,Qualitative,High Potential Greenwashing,Climate,GRI 2,General Aspect (GRI 2),Non-Climate Action
ASICS_sustainability_report_2024.pdf,13,1,"Material Topic Approach KPIs Targets Key Actions in 2024 2024 Results (compared to 2023) 2025 Plans (progress towards targets) →We aim to create a world in which we can all live healthfully both mentally and physically, maintaining involvement with exercise and sports over our entire lifetime.",36,Relevant,SDG_3: Good Health,Social,Informative,Qualitative,High Potential Greenwashing,Non-Climate,GRI 2,General Aspect (GRI 2),Non-Climate Action
ASICS_sustainability_report_2024.pdf,13,2,"→Rolled out initiatives to promote ""Sound Mind, Sound Body,"" including the Move Her Mind hub, Desk Break Experiment, and related campaigns. →Built a Customer Data Platform using Runkeeper and race registrations to enhance customer communications.",26,Irrelevant,N/A,N/A,N/A,N/A,N/A,N/A,N/A,N/A,N/A
ASICS_sustainability_report_2024.pdf,13,3,"→100% of strategic Tier 1 footwear suppliers have a concrete renewable energy sourcing plan, and we updated the Green Procurement Policy to require strategic Tier 1 footwear suppliers to commit sourcing 100% renewable energy by 2030. →Launched new Material Procurement Policy.",33,Relevant,SDG_12: Responsible Consumption,Environmental,Informative,Quantitative,Low Potential Greenwashing,Climate,GRI 302,Environmental Aspect (GRI 305),Climate Action (SDG13)
ASICS_sustainability_report_2024.pdf,13,4,"→17.64 million 1 (12.29 million) 2 (2023: 9.45 million) →Eliminated the intentional use of PFAS for all applications from 2024 autumn & winter season, except for essential use in non-regulated regions. (2023: Reduced intentional use of PFAS.) →97% (based on factories assessed in the most recent annual cycle) (2023: 99%) →43.1% (scope 1 and 2) 14.9% (scope 3) (2023: 31.3% (scope 1 and 2), 21.6% (scope 3)) →36.8% (2023: 29.9%) →Establish the ASICS Foundation and engage in social contribution activities. →Aim to enhance brand engagement through personalized customer communications utilizing our customer data platform. →Build a unique loyalty program that only ASICS can provide, featuring consistent runner experiences through our running ecosystem.",66,Relevant,SDG_8: Economic Growth,Social,Informative,Quantitative,Low Potential Greenwashing,Climate,GRI 306,Economical Aspect (GRI 201),Climate Action (SDG13)
ASICS_sustainability_report_2024.pdf,13,5,→Strengthen supply chain risk assurance and compliance. →Enhance supplier engagement ownership for proactive risk management. →Implement traceability program for greater transparency. →Improve data collection through integration across all relevant systems. →Stay agile with the industry trends and regulatory requirements.,29,Relevant,SDG_16: Peace,Economic,Informative,Qualitative,High Potential Greenwashing,Climate,GRI 2,General Aspect (GRI 2),Non-Climate Action
ASICS_sustainability_report_2024.pdf,13,6,"Climate Action 1 From FY24, the membership of local programs in China, India, and other countries are counted in addition to the membership of the global programs in Japan, the U.S., Europe, and Australia. In addition, in accordance with our ASICS Privacy Policy, we have closed and deleted “inactive” accounts which hadn’t been used for two years. 2 On the same basis as FY23Q4 (mainly in Japan, the U.S., Europe, and Australia/before deletion). Year-on-year change is also based on this number.",58,Relevant,SDG_13: Climate Action,Economic,Informative,Quantitative,Low Potential Greenwashing,Climate,GRI 2,Economical Aspect (GRI 201),Climate Action (SDG13)
ASICS_sustainability_report_2024.pdf,13,7,"KPIs and Actions at a Glance →Continue to manage restricted harmful chemical substances in our products. →Eliminate the intentional use of PFAS for all applications from 2024 autumn & winter season, except for essential use in non-regulated regions.",30,Irrelevant,N/A,N/A,N/A,N/A,N/A,N/A,N/A,N/A,N/A
ASICS_sustainability_report_2024.pdf,14,1,"Material Topic Approach KPIs Targets Key Actions in 2024 2024 Results (compared to 2023) 2025 Plans (progress towards targets) →We aim to reduce CO2 emissions and other environmental impacts by using less material, creating products for longer use, and circulating resources.",29,Relevant,SDG_12: Responsible Consumption,Environmental,Informative,Qualitative,Low Potential Greenwashing,Climate,GRI 306,Environmental Aspect (GRI 305),Climate Action (SDG13)
ASICS_sustainability_report_2024.pdf,14,2,→All regions have created action plans to support women’s career advancement as part of gender equality. →The Global DE&I Steering Committee monitors the progress of each action plan.,22,Relevant,SDG_5: Gender Equlaity,Social,Informative,Qualitative,High Potential Greenwashing,Non-Climate,GRI 2,General Aspect (GRI 2),Non-Climate Action
ASICS_sustainability_report_2024.pdf,14,3,"→Launched the global engagement survey. All regions created action plans to create a rewarding workplace for employees in order to achieve Sound Mind, Sound Body.",21,Relevant,SDG_8: Economic Growth,Social,Informative,Qualitative,High Potential Greenwashing,Non-Climate,GRI 2,General Aspect (GRI 2),Non-Climate Action
ASICS_sustainability_report_2024.pdf,14,4,"→In order to retain talent, company provide workshops for managers who have people with disabilities in their teams in Japan. →All employees in Japan attended the Kobe Para Athletics World Championships. →Enhanced recruitment publicity activities led to the hiring of 2 new graduates and 3 mid-career professionals, including 2 para-athletes.",38,Irrelevant,N/A,N/A,N/A,N/A,N/A,N/A,N/A,N/A,N/A
ASICS_sustainability_report_2024.pdf,14,5,"→>50% (2023: >40%) →4 regions (2023: 3 regions with recycle and reuse programs.) →39.5% (as of December 2024) (2023: 38.1%) →73 (2023: 68) →3.1% (2023: 2.9%) →Collaborate with each category to increase the ratio of recycled materials, following a clear strategic direction.",21,Relevant,SDG_12: Responsible Consumption,Environmental,Informative,Quantitative,Low Potential Greenwashing,Climate,GRI 306,Environmental Aspect (GRI 305),Climate Action (SDG13)
ASICS_sustainability_report_2024.pdf,14,6,→Utilize learning from NIMBUS MIRAITM and expand the take-back programs →Each region will review and update their action plan to continue based on the progress. The Global DE&I Steering Committee will continue to monitor and review the overall process.,33,Relevant,SDG_4: Quality Education,Social,Informative,Qualitative,High Potential Greenwashing,Non-Climate,GRI 2,General Aspect (GRI 2),Non-Climate Action
ASICS_sustainability_report_2024.pdf,14,7,"→To create an environment where people can thrive regardless of disabilities, each region will start implementation of action plans focused on this topic, including raising awareness and education.",24,Relevant,SDG_1: No Poverty,Social,Informative,Qualitative,High Potential Greenwashing,Non-Climate,GRI 2,General Aspect (GRI 2),Non-Climate Action
ASICS_sustainability_report_2024.pdf,16,1,"People are central to our founding philosophy – Sound Mind, Sound Body – so it’s not surprising that people are the focus of many of our material topics, which reflect what’s important to the business and to our partners, consumers, and other stakeholders.",34,Relevant,SDG_8: Economic Growth,General,Non-informative/Vague,Qualitative,High Potential Greenwashing,Non-Climate,GRI 2,General Aspect (GRI 2),Non-Climate Action
ASICS_sustainability_report_2024.pdf,16,2,"Physical and mental well-being, human rights in the supply chain, and employee engagement are vital to ensuring we create value while minimizing our negative impacts. People are therefore central in everything we do, from product design to donations, community engagement to talent management.",37,Relevant,SDG_8: Economic Growth,Social,Informative,Qualitative,High Potential Greenwashing,Non-Climate,GRI 2,General Aspect (GRI 2),Non-Climate Action
ASICS_sustainability_report_2024.pdf,16,3,"Steered by our policies and guidelines, we help improve consumers’ lives with our products and services, nurture a diverse and equitable working environment for employees, support our suppliers’ sustainability journeys, and give back to communities. Together, we are making progress towards the ambitious targets that will help ensure a healthy future.",42,Relevant,SDG_8: Economic Growth,Social,Informative,Qualitative,High Potential Greenwashing,Non-Climate,GRI 306,General Aspect (GRI 2),Non-Climate Action
ASICS_sustainability_report_2024.pdf,16,4,1. Strengthen supply chain risk assurance and compliance. 2. Enhance supplier engagement ownership for proactive risk management. 3. Implement traceability program for greater transparency. 4. Improve data collection through integration across all relevant systems. 5. Stay agile with the industry trends and regulatory requirements.,34,Relevant,SDG_16: Peace,Economic,Informative,Qualitative,High Potential Greenwashing,Climate,GRI 2,General Aspect (GRI 2),Non-Climate Action
ASICS_sustainability_report_2024.pdf,17,1,"Mental and physical well-being is our most material topic, reflecting its importance to our stakeholders. We want to inspire people to move their bodies and benefit from the mental boost sports and exercise can bring. To do this, we work with experts to build a scientific understanding of the connec- tion between mind and body that is our founding philosophy.",53,Relevant,SDG_3: Good Health,Social,Informative,Qualitative,High Potential Greenwashing,Non-Climate,GRI 2,General Aspect (GRI 2),Non-Climate Action
ASICS_sustainability_report_2024.pdf,17,2,"By 2026, we strive to grow our OneASICS membership to 30 million. We have already made strong progress—17.64 million members in 2024 compared to 9.45 million in 2023. Our 2024 initiatives, such as the Move Her Mind study and hub, promote women's well-being and participation in exercise, while the Desk Break Experiment campaign addresses workplace mental health by encouraging active breaks.",47,Relevant,SDG_5: Gender Equlaity,Social,Informative,Quantitative,Low Potential Greenwashing,Non-Climate,GRI 2,General Aspect (GRI 2),Non-Climate Action
ASICS_sustainability_report_2024.pdf,17,3,"In the last few months of 2024, we made preparations to establish the ASICS Foundation, with the aim to drive positive social impact in the spirit of our founder. The ASICS Foundation became a reality on April 1, 2025.",34,Relevant,SDG_8: Economic Growth,Social,Informative,Qualitative,High Potential Greenwashing,Non-Climate,GRI 2,General Aspect (GRI 2),Non-Climate Action
ASICS_sustainability_report_2024.pdf,17,4,"In 2025, we will take further steps to enhance services for our 12.29 million active members, expand high-value brand experi- ences, and continue developing innovative products, services, and business models that inspire lifelong movement.",25,Relevant,SDG_8: Economic Growth,Social,Informative,Qualitative,High Potential Greenwashing,Non-Climate,GRI 2,General Aspect (GRI 2),Non-Climate Action
ASICS_sustainability_report_2024.pdf,17,5,"Playing sports and exercising are key to mental well-being, with women who exercise regularly reporting being 52% happier. Yet there is a gender gap: women are less likely to access sports and exercise. We wanted to find out why – and close this gap.",37,Irrelevant,N/A,N/A,N/A,N/A,N/A,N/A,N/A,N/A,N/A
ASICS_sustainability_report_2024.pdf,17,6,"In 2024, 26,000 people across 22 countries took the second global ASICS State of Mind survey, exploring the relationship between exercise and mental health. The survey calculated State of Mind scores, confirming that those who exercise regularly maintain higher mental well-being.",34,Irrelevant,N/A,N/A,N/A,N/A,N/A,N/A,N/A,N/A,N/A
ASICS_sustainability_report_2024.pdf,17,7,"In response to these findings, ASICS launched two significant campaigns: • “State of Mind” promotes that approx. 15 minutes and 9 seconds of movement can positively affect mental state. Read more in our 2023 report → • “Move Her Mind” explores and addresses the gender gap in physical activity by supporting women’s participation in sports and exercise.",41,Relevant,SDG_5: Gender Equlaity,Social,Informative,Qualitative,High Potential Greenwashing,Non-Climate,GRI 2,General Aspect (GRI 2),Non-Climate Action
ASICS_sustainability_report_2024.pdf,18,1,Women who exercise regularly reported being happier (52%) and more confident (48%) and having better concentration (38%). Yet they are less likely to participate in exercise and sports.,24,Irrelevant,N/A,N/A,N/A,N/A,N/A,N/A,N/A,N/A,N/A
ASICS_sustainability_report_2024.pdf,18,2,"In partnership with leading experts around the world, ASICS completed a global research study – MOVE HER MIND – ­involving 24,959 participants across 40+ countries and ­launched the ""Move Her Mind Hub"" initiative to promote women's participation in sports and exercise.",30,Irrelevant,N/A,N/A,N/A,N/A,N/A,N/A,N/A,N/A,N/A
ASICS_sustainability_report_2024.pdf,18,3,"Assistant Professor at the University of Kentucky Sports Medicine Research Institute; exercise and mental health ­research expert Dr. Brendon Stubbs from King's College London; and Aya Noguchi, Deputy Director of the International Research Center for Sport and Gender Equality at Seijo University in Japan, who provided cultural context and analysis. Together, we implemented a survey across more than 40 countries between June and September 2023, ­attracting 24,772 responses. In addition, 187 participants took part in focus group interviews.",61,Relevant,SDG_3: Good Health,Social,Informative,Quantitative,High Potential Greenwashing,Non-Climate,GRI 2,General Aspect (GRI 2),Non-Climate Action
ASICS_sustainability_report_2024.pdf,18,4,"Closing the Gender Gap in Sports and Exercise Despite the clear benefits, over 51% of women reported having reduced or stopped exercising. Why? The primary barriers to participating included a lack of time (74%), absence of safe environments (43%), low energy (42%), and lack of confidence (35%). The research also revealed ways to close the gap, with more than one-third of women saying friends and peers are their biggest influencers for exercise participation. With this in mind, ASICS launched the Move Her Mind Hub initiative, which brings together inspiring stories of women and grassroots organizations and enables users to share activities and experiences related to sports and ­exercise, helping women connect and feel motivated.",99,Relevant,SDG_5: Gender Equlaity,Social,Informative,Quantitative,High Potential Greenwashing,Climate,GRI 2,General Aspect (GRI 2),Non-Climate Action
ASICS_sustainability_report_2024.pdf,19,1,"The desk, where millions of people work for hours every day, is a workplace mental health threat that ASICS warned the world about in a 2024 public service announcement. Built on the results of two studies, we ran a campaign to raise awareness about the negative mental health impacts of prolonged desk work and promote the benefits of 15-minute active breaks during workdays.",56,Relevant,SDG_16: Peace,Social,Informative,Qualitative,High Potential Greenwashing,Non-Climate,GRI 2,General Aspect (GRI 2),Non-Climate Action
ASICS_sustainability_report_2024.pdf,19,2,"It Takes Approx. 15 Minutes The ASICS State of Mind study revealed the positive impact of an approximately 15-minute active break (read more in our ASICS State of Mind Study). To dive deeper, we worked with Dr. Brendon Stubbs from King's College London to conduct a two-week controlled Desk Break Experiment with 80 office workers in 16 countries, plus an online survey with 7,000 office workers in 7 countries. Workers who took 15-minute active breaks every day saw an improvement in scores for mental state (22.5%), relaxation (33.3%), productivity (33.2%), and other areas. There were also clear benefits for the employer, with 79.2% of participants reporting increased loyalty to those who offer regular exercise opportunities.",92,Irrelevant,N/A,N/A,N/A,N/A,N/A,N/A,N/A,N/A,N/A
ASICS_sustainability_report_2024.pdf,19,3,"The Desk Break Experiment Our global public service announcement – The Desk Break experiment – stars actor Brian Cox, who warns workers of the dangers of being glued to their desks for eight to ten hours a day and calls on them to get up and move for 15 minutes. People shared their #DeskBreak photos on social media.",51,Irrelevant,N/A,N/A,N/A,N/A,N/A,N/A,N/A,N/A,N/A
ASICS_sustainability_report_2024.pdf,19,4,"The global campaign reached tens of thousands of people around the world, encouraging them to take a Desk Break to feel happier, calmer, more resilient, and more productive, in line with our philosophy: Sound Mind, Sound Body. The campaign led ASICS to create workplace policy guides, and in some markets, employee contracts were revised to officially recognize the 15-minute movement break as a workplace right.",53,Relevant,SDG_8: Economic Growth,Social,Informative,Qualitative,High Potential Greenwashing,Non-Climate,GRI 2,General Aspect (GRI 2),Non-Climate Action
ASICS_sustainability_report_2024.pdf,20,1,"We believe in the importance of health and well-being for everyone, especially the next generation: ‘Sound Mind, Sound Body’ is a philosophy for everyone. Sports and play-based activities for young children enhance physical and mental well-being. They develop skills in problem-solving, decision-­ making, social skills, and critical thinking. The ASICS State of Mind study has shown that exercise during teenage years is also beneficial for later in life. Young people aged 15-17 are in a crucial period for establishing lifelong exercise habits that directly affect mental health in adulthood, according to mental state research. It’s therefore concerning that more young people are abandoning exercise at earlier stages than before.",89,Irrelevant,N/A,N/A,N/A,N/A,N/A,N/A,N/A,N/A,N/A
ASICS_sustainability_report_2024.pdf,20,2,"Read the ASICS State of Mind Study 2024 → ASICS promotes youth development through sports, in line with our Community Engagement guidelines and our ­founder’s belief in ‘Sound Mind, Sound Body.’ We aim to create lasting social impact and business value through community initiatives.",36,Relevant,SDG_8: Economic Growth,Social,Informative,Qualitative,High Potential Greenwashing,Non-Climate,GRI 2,General Aspect (GRI 2),Non-Climate Action
ASICS_sustainability_report_2024.pdf,20,3,"In 2024, we continued to work with our global charity partner Right To Play. Through our partnership, we support various programs in Africa, including programs supporting large numbers of refugees in the region. In 2024, ASICS’ support contributed to more than 60,000 children and 21,000 teachers, coaches, and facilitators in sport, play, and psychosocial support activities in Burundi, Ethiopia, Uganda, Tanzania, Ghana, and Senegal.",45,Relevant,SDG_4: Quality Education,Social,Informative,Quantitative,High Potential Greenwashing,Non-Climate,GRI 2,General Aspect (GRI 2),Non-Climate Action
ASICS_sustainability_report_2024.pdf,20,4,"Right To Play is a leader in using the power of play to help the world’s most marginalized children. Even in the most ­desperate conditions, where mental health services are unavailable, children can draw on the power of play to become more emotionally resilient.",38,Irrelevant,N/A,N/A,N/A,N/A,N/A,N/A,N/A,N/A,N/A
ASICS_sustainability_report_2024.pdf,20,5,"Using play-based psychosocial methods, Right To Play creates caring, supportive environments that help trauma- tized children understand and manage the complex emotions they are feeling, including grief, loss, and fear."" is missing.",23,Irrelevant,N/A,N/A,N/A,N/A,N/A,N/A,N/A,N/A,N/A
ASICS_sustainability_report_2024.pdf,20,6,"To further support Right To Play and celebrate World Children’s Day (20 November), ASICS held an internal running challenge called Run for Play, using the Race Roster system and our Runkeeper app. From 9-24 November 2024, ASICS employees could participate in the challenge once, and for every completed 3km run or walk, we donated $1 to children through Right To Play – equivalent to a week's worth of play for a child. There were 534 registrations and 264 completions, resulting in a $264 donation.",65,Irrelevant,N/A,N/A,N/A,N/A,N/A,N/A,N/A,N/A,N/A
ASICS_sustainability_report_2024.pdf,20,7,"In addition to our partnership support to Right To Play, ASICS Headquarters and ASICS Japan hosted several other fundraising programs in 2024. Through ecommerce in Japan, we enabled customers to donate one ASICS point, resulting in a $332 (¥49,936) donation to Right To Play. At ASICS sports events in Tokyo and Kobe, we hosted a challenge for employees to keep track of their steps that day. If their steps exceeded 10,000, we donated $1 to Right To Play, resulting in a $163 donation. And during the AW25 exhibition (26-29 November), ASICS Japan donated $1 for every survey response from retailers and wholesalers, resulting in a $60 donation.",86,Irrelevant,N/A,N/A,N/A,N/A,N/A,N/A,N/A,N/A,N/A
ASICS_sustainability_report_2024.pdf,21,1,"Underscoring the importance of mental health for a Sound Mind, Sound Body, ASICS Oceania partners with the Goanna Academy (GA), which focuses on empowering young Indigenous Australians through sport, education, and cultural development.",27,Irrelevant,N/A,N/A,N/A,N/A,N/A,N/A,N/A,N/A,N/A
ASICS_sustainability_report_2024.pdf,21,2,"Founded by Greg Inglis, a former Australian Rugby League athlete and long-time ASICS ambassador, the GA offers programs designed to help end the stigma surrounding mental health and improve social capacity to identify, talk about, and manage mental health for all Australians – ­in particular at-risk groups.",38,Irrelevant,N/A,N/A,N/A,N/A,N/A,N/A,N/A,N/A,N/A
ASICS_sustainability_report_2024.pdf,21,3,"As part of the ASICS Desk Break campaign, we donated $5 for every challenge completion, which went towards GA’s workplace programs, run in partnership with Headspace. And Greg Inglis spoke to ASICS staff about the importance of mental health.",32,Irrelevant,N/A,N/A,N/A,N/A,N/A,N/A,N/A,N/A,N/A
ASICS_sustainability_report_2024.pdf,21,4,"We also supported the Goanna Academy Clinic at Kimberwalli, Aboriginal Centre of Excellence, which brought together 150 students to discuss mental health and culture and ­participate in a Rugby League skills session. ASICS supplied a drink bottle and t-shirt for each student on the day.",38,Irrelevant,N/A,N/A,N/A,N/A,N/A,N/A,N/A,N/A,N/A
ASICS_sustainability_report_2024.pdf,21,5,"ASICS is committed to activities that contribute to improving the physical and mental health of all people around the world, and we are working toward the realization of a truly symbiotic society in which everyone can engage in exercise and sports throughout their lives. Seeing top athletes in action at global sporting events inspires hopes and dreams for everyone. ASICS provided official sportswear and shoes to eight athletes and two guide runners selected for the Refugee Paralympic Team (RPT), and to about 30 staff who supported the team. We also provided a retainer fee for the team. It was an honor to watch them compete in our sportswear and bring home two bronze medals – Para Athletics and Para Taekwondo.",111,Irrelevant,N/A,N/A,N/A,N/A,N/A,N/A,N/A,N/A,N/A
ASICS_sustainability_report_2024.pdf,21,6,"As a platinum sponsor of the Kobe 2024 World Para Athletics Championships held in May 2024, ASICS provided support to athletes and sporting organizations, as well as uniforms for the event staff and volunteers. The ASICS booth at the venue featured activities utilizing digital technology for attendees to enjoy a para-sports experience. Around 2,200 employees from the ASICS group watched the competitions, and about 300 employees served as volunteer staff at the event. This helped us to promote a better internal understanding of the impact of disabilities and the connection to ASICS’ philosophy.",81,Irrelevant,N/A,N/A,N/A,N/A,N/A,N/A,N/A,N/A,N/A
ASICS_sustainability_report_2024.pdf,21,7,"In addition, ASICS promoted activities focusing on parasports. That includes assisting visually impaired runners in ­participating in long-distance races and supporting a sports prosthesis experience event. With that, ASICS aims to ­contribute to a sounder, sustainable, and inclusive society.",29,Irrelevant,N/A,N/A,N/A,N/A,N/A,N/A,N/A,N/A,N/A
ASICS_sustainability_report_2024.pdf,22,1,"ASICS Oceania has established strong connections within local communities through various impactful partnerships and events. The team actively participates in initiatives that promote inclusivity, cultural appreciation, and healthy ­lifestyles across Australia and New Zealand.",29,Relevant,SDG_8: Economic Growth,Social,Non-informative/Vague,Qualitative,High Potential Greenwashing,Non-Climate,GRI 2,General Aspect (GRI 2),Non-Climate Action
ASICS_sustainability_report_2024.pdf,22,2,"In 2024, ASICS Oceania partnered with the Indigenous Marathon Foundation (IMF), a health promotion charity that aims to improve the health, well-being, quality of life, and physical literacy of Aboriginal and Torres Strait Islander peoples through running and walking. This partnership not only embodies ASICS’ core values, but also helps to create lasting positive change by promoting inclusion, health, and self-determination in Indigenous communities.",52,Relevant,SDG_3: Good Health,Social,Informative,Qualitative,High Potential Greenwashing,Non-Climate,GRI 2,General Aspect (GRI 2),Non-Climate Action
ASICS_sustainability_report_2024.pdf,22,3,"Through this partnership, ASICS squad members took part in the ASICS Gold Coast Marathon shake out run and ran in the Gold Coast Half Marathon in July 2024. And five ASICS Oceania employees travelled to Napranum, Queensland in September, where they proudly fitted and distributed 400 pairs of shoes to the community at the Ruchook Cultural Festival.",51,Irrelevant,N/A,N/A,N/A,N/A,N/A,N/A,N/A,N/A,N/A
ASICS_sustainability_report_2024.pdf,22,4,"ASICS actively promotes volunteering through two support systems: three days of annual paid volunteer leave and unpaid volunteer leave of up to two years and four months. Introduced in 1994, the Volunteer Leave Program is well-in- tegrated within the company, with colleagues supporting each other's responsibilities during absences. Through the program, employees utilize their volunteer leave to engage in various community initiatives, including hosting sports work- shops for young people, and supporting local sporting events.",63,Relevant,SDG_8: Economic Growth,Social,Informative,Qualitative,High Potential Greenwashing,Non-Climate,GRI 2,General Aspect (GRI 2),Non-Climate Action
ASICS_sustainability_report_2024.pdf,22,5,"Partnering With Japan Deaf Athletics Association ASICS has signed an official top partner agreement with the Japan Association of the Deaf, committing to providing shoes, apparel, and accessories to the Japanese national team athletes and staff.",32,Irrelevant,N/A,N/A,N/A,N/A,N/A,N/A,N/A,N/A,N/A
ASICS_sustainability_report_2024.pdf,22,6,"This initiative involves collaboration between three key organizations: Japan Deaf Athletics Association (JDAA), Japan Association of Athletics Federations (JAAF), and Japan Para Athletics Federation (JPA). A significant aspect of this partnership is the creation of unified official sportswear with identical designs across all three Japanese athletics organizations, representing an unprecedented unification effort in Japanese athletics.",49,Irrelevant,N/A,N/A,N/A,N/A,N/A,N/A,N/A,N/A,N/A
ASICS_sustainability_report_2024.pdf,22,7,"Through the agreement, ASICS has committed to providing ASICS products and services to Japanese national team athletes, supporting individual athletes' condition management, working to improve athlete performance, and collaborating on initiatives to promote and develop deaf sports.",31,Irrelevant,N/A,N/A,N/A,N/A,N/A,N/A,N/A,N/A,N/A
ASICS_sustainability_report_2024.pdf,22,8,"ASICS CEO Yasuhito Hirota commented: “Going forward, athletes representing the Japan Association of Athletics Federations, Japan Para Athletics Federation, and Japan Deaf Athletics Association will wear the same uniforms, uniting Japanese athletics with one heart to compete on the world stage.”",34,Irrelevant,N/A,N/A,N/A,N/A,N/A,N/A,N/A,N/A,N/A
ASICS_sustainability_report_2024.pdf,23,1,"To enable ASICS employees to embody a Sound Mind, Sound Body, we host various events that support health literacy and publish an annual Well-being Report, sharing results across five key measures. Members of the Well- being Promotion department worked on the 2024 report with the cooperation of domestic group companies, under the supervision of the COO.",47,Relevant,SDG_3: Good Health,Social,Informative,Qualitative,High Potential Greenwashing,Non-Climate,GRI 2,General Aspect (GRI 2),Non-Climate Action
ASICS_sustainability_report_2024.pdf,23,2,"In 2024, we held seminars and walking events aimed at impro- ving the health literacy of all employees. To commemorate our 75th anniversary, we held the ASICS sports festival, and employees of domestic group companies participated. This event became an opportunity for employees to improve their engagement and rediscover the joy of exercise.",45,Irrelevant,N/A,N/A,N/A,N/A,N/A,N/A,N/A,N/A,N/A
ASICS_sustainability_report_2024.pdf,23,3,"ASICS is a 2024 Certified Health & Productivity Management Outstanding Organization, a recognition presented by the Ministry of Economy, Trade and Industry and Nippon Kenko Kaigi to corporations that practice exemplary health and productivity management.",30,Relevant,SDG_3: Good Health,Social,Informative,Qualitative,High Potential Greenwashing,Climate,GRI 2,General Aspect (GRI 2),Non-Climate Action
ASICS_sustainability_report_2024.pdf,23,4,"The Japan Sports Agency certifies ASICS as a Sports Yell Company that actively promotes sports activities to improve employees’ health. Moreover, ASICS has received Silver ­certification as a result of being certified for seven consecutive years.",31,Irrelevant,N/A,N/A,N/A,N/A,N/A,N/A,N/A,N/A,N/A
ASICS_sustainability_report_2024.pdf,23,5,"Looking at the various indicators, as a result of holding ongoing seminars and disseminating information on well- being, the ability to gather information on health literacy improved significantly, from 32.1% in 2022 to 50.8% in 2023.",28,Relevant,SDG_3: Good Health,Social,Informative,Quantitative,Low Potential Greenwashing,Non-Climate,GRI 2,General Aspect (GRI 2),Non-Climate Action
ASICS_sustainability_report_2024.pdf,23,6,"The rate of employees taking stress checks increased from 95.1% in 2022 to 95.5% in 2023, showing that the stress management system is well established. As a result, the number of employees with high stress decreased from 11.5% in 2022 to 10.1% in 2023, and the number of employees taking mental health-related leave also decreased from 0.35% in 2022 to 0.28% in 2023.",48,Relevant,SDG_3: Good Health,Social,Informative,Quantitative,Low Potential Greenwashing,Climate,GRI 2,General Aspect (GRI 2),Non-Climate Action
ASICS_sustainability_report_2024.pdf,24,1,"We are dedicated to achieving sustainability across our global operations, and this includes protecting human rights and ensuring transparency. Under the guidance of ASICS policies and global regulations, we strive to ensure that people throughout our value chain and around the world have safe and ethical working conditions.",44,Relevant,SDG_8: Economic Growth,General,Informative,Qualitative,High Potential Greenwashing,Non-Climate,GRI 2,General Aspect (GRI 2),Non-Climate Action
ASICS_sustainability_report_2024.pdf,24,2,Collaboration is central to our approach: we work closely with our global network of around 150 suppliers to monitor their compliance with ASICS’ standards and relevant legislation related to human rights.,27,Relevant,SDG_16: Peace,General,Non-informative/Vague,Qualitative,High Potential Greenwashing,Non-Climate,GRI 2,General Aspect (GRI 2),Non-Climate Action
ASICS_sustainability_report_2024.pdf,24,3,"ASICS ensures human rights are a top priority at the highest governance level. Our dedicated Human Rights Committee provides advice and oversight on human rights topics and reports to the Risk Management Committee, the Executive Committee, and the Board of Directors. Our approach is guided by our Human Rights Policy, which applies to ASICS Corporation and its subsidiaries and affiliates. The policy is grounded in the International Bill of Human Rights and the International Labour Organization (ILO)’s core labor standards, forming the basis of our ethical business practices.",79,Relevant,SDG_8: Economic Growth,General,Informative,Qualitative,High Potential Greenwashing,Non-Climate,GRI 2,General Aspect (GRI 2),Non-Climate Action
ASICS_sustainability_report_2024.pdf,24,4,"To ensure effective implementation of the policy, ASICS ­established a Human Rights Committee. This committee includes representatives from key departments – Marketing (consumer risks), Legal (compliance), Sustainability (workers rights in the supply chain), and Human Resources (employee rights) – and oversees ASICS’ human rights due diligence efforts. It meets twice a year to review policies, assess risks, and track progress. Updates and findings are reported to the Risk Management Committee, chaired by COO. This committee monitors risk and mitigation activities and provides oversight to the Board of Directors.",68,Relevant,SDG_8: Economic Growth,Social,Informative,Qualitative,High Potential Greenwashing,Non-Climate,GRI 2,General Aspect (GRI 2),Non-Climate Action
ASICS_sustainability_report_2024.pdf,24,5,"Implementation of our human rights commitments is supported by the Sustainability Department and its global and regional CSR and Supply Chain teams. These teams work closely with Procurement and Supply Chain Management to uphold ethical labor standards across our value chain. This integrated governance framework enables ASICS to ­effectively identify, prevent, mitigate, and respond to human rights risks across our global operations.",55,Relevant,SDG_8: Economic Growth,General,Informative,Qualitative,High Potential Greenwashing,Non-Climate,GRI 2,General Aspect (GRI 2),Non-Climate Action
ASICS_sustainability_report_2024.pdf,24,6,"To foster transparency and accountability, ASICS has ­instituted a comprehensive due diligence process, as described in our Human Rights Policy. This process serves as a strategic framework to identify, mitigate, prevent, and address potential negative human rights impacts, including modern slavery, stemming from our business activities.",36,Relevant,SDG_16: Peace,General,Informative,Qualitative,High Potential Greenwashing,Non-Climate,GRI 2,General Aspect (GRI 2),Non-Climate Action
ASICS_sustainability_report_2024.pdf,25,1,"ASICS integrates its Policy of Engagement (Supplier Code of Conduct) and other sustainability standards into all contract manufacturing agreements. All suppliers must sign this Code, committing to responsible business practices. ­We also conduct various supplier assessments, including: • Initial audits for all new suppliers as part of ASICS’ pre-sourcing approval process. • Regular monitoring and accountability measures among Tier 1 and 2 suppliers, including periodic audits to ensure continued adherence to ASICS’ CSR standards. • Public disclosure of audit results in ASICS’ Integrated Report and Sustainability Report.",63,Relevant,SDG_8: Economic Growth,General,Informative,Qualitative,High Potential Greenwashing,Non-Climate,GRI 2,General Aspect (GRI 2),Non-Climate Action
ASICS_sustainability_report_2024.pdf,25,2,"Identifying Opportunities in the Supply Chain ASICS suppliers and business partners are expected to ­maintain compliance with applicable laws, regulations, policies, and codes. We conduct audits regularly to monitor suppliers and their compliance.",27,Relevant,SDG_8: Economic Growth,Social,Informative,Qualitative,High Potential Greenwashing,Non-Climate,GRI 2,General Aspect (GRI 2),Non-Climate Action
ASICS_sustainability_report_2024.pdf,25,3,"These regular assessments highlight any cases of non-­ compliance and enable us to act: 1. Conduct severity and likelihood assessments of issues. 2. Take appropriate action, potentially including reviewing future orders, conducting third-party investigations, or issuing formal warnings. a. Minor issues: Remediation within a three-month period. Suppliers are expected to take corrective measures. b. Provide support, including training and resources. 3. Terminate business relationship, if the violation is serious or persistent.",47,Relevant,SDG_16: Peace,Economic,Informative,Qualitative,High Potential Greenwashing,Non-Climate,GRI 2,General Aspect (GRI 2),Non-Climate Action
ASICS_sustainability_report_2024.pdf,25,4,"In 2024, we conducted a total of 87 audits—a 23% increase compared to 2023—demonstrating our ongoing commitment to strengthening oversight and driving continuous impro- vement across our operations. Of these audits, 72% (63/87) were carried out by independent third-party assessors, 8% (7/87) were internal audits, and 20% (17/87) were conducted in partnership with the Better Work Program. The majority of non-compliance cases were concentrated in three key areas: health and safety in the workplace, wages and working hours, and the employment relationship.",59,Relevant,SDG_8: Economic Growth,Social,Informative,Quantitative,Low Potential Greenwashing,Non-Climate,GRI 2,General Aspect (GRI 2),Non-Climate Action
ASICS_sustainability_report_2024.pdf,26,1,"To address these challenges, we continue to work closely with suppliers to implement corrective action plans. Timely and ongoing remediation is a priority, with regular follow-ups to ensure appropriate improvements.",25,Relevant,SDG_8: Economic Growth,Environmental,Informative,Qualitative,High Potential Greenwashing,Climate,GRI 306,General Aspect (GRI 2),Non-Climate Action
ASICS_sustainability_report_2024.pdf,26,2,"Alongside audit outcomes, we also assess overall supplier performance to gain a more comprehensive view of factory maturity and readiness while encouraging ongoing ­r­emediation efforts.",22,Relevant,SDG_8: Economic Growth,Social,Informative,Qualitative,High Potential Greenwashing,Non-Climate,GRI 2,General Aspect (GRI 2),Non-Climate Action
ASICS_sustainability_report_2024.pdf,26,3,"Improved Monitoring in the Supply Chain In early 2024, ASICS became a member of SEDEX (Supplier Ethical Data Exchange), which provides a collaborative platform for ­managing and improving ethical performance in supply chains. Membership gives us the ability to share and access data on the SEDEX Platform, supporting our risk management process. We also have access to the SEDEX Members Ethical Trade Audit (SMETA) framework, a standardized and globally ­recognized framework for assessing supply chain risks. It includes third-party audits and access to shared industry data for greater transparency and collaboration. It enables us insights into country level risks and factory-risk assessments across more than 60 non-compliance categories.",91,Relevant,SDG_8: Economic Growth,Economic,Informative,Qualitative,High Potential Greenwashing,Climate,GRI 2,General Aspect (GRI 2),Non-Climate Action
ASICS_sustainability_report_2024.pdf,26,4,"To ensure compliance, we revised our Supplier CSR Standards in 2024 to more closely align with SEDEX audit protocols, international labor standards, and various local regulations. The update introduces a new performance classification and scoring system for factories. Our new categories — Outperforming, Acceptable, Developing, Significant Growth Potential, and Not Acceptable — are much more intuitive, ­relatable, and easier to understand for a wider audience across our supply chain.",54,Relevant,SDG_8: Economic Growth,Social,Informative,Qualitative,High Potential Greenwashing,Climate,GRI 2,General Aspect (GRI 2),Non-Climate Action
ASICS_sustainability_report_2024.pdf,26,5,"The rating now better reflects our approach of encouraging timely corrective actions. We recognize and reward factories that demonstrate rapid improvement, resulting in upgraded ratings. The new performance scoring methodology also ensures that supplier performance is assessed in closer alignment with the timing and outcomes of audits conducted within the reporting year, more accurately reflecting supplier status of current compliance levels.",56,Relevant,SDG_8: Economic Growth,Social,Informative,Qualitative,High Potential Greenwashing,Non-Climate,GRI 2,General Aspect (GRI 2),Non-Climate Action
ASICS_sustainability_report_2024.pdf,26,6,"In addition, as a signatory of the Social & Labor Convergence Program (SLCP), ASICS supports industry-wide efforts to enhance transparency while reducing audit fatigue across the apparel and footwear sector. This system not only measures overall performance but also tracks progress, highlighting which factories are committed to continuous improvement and achieving top-tier compliance standards. Our objective is to promote sustainable improvements and best practices at the factories.",58,Relevant,SDG_8: Economic Growth,Social,Informative,Qualitative,High Potential Greenwashing,Climate,GRI 2,General Aspect (GRI 2),Non-Climate Action
ASICS_sustainability_report_2024.pdf,26,7,Significant Growth Potential → Indicating early-stage compliance maturity with substantial room for improvement. These factories are required to implement time-bound remediation plans and provide regular progress updates.,22,Relevant,SDG_12: Responsible Consumption,Social,Informative,Qualitative,High Potential Greenwashing,Climate,GRI 306,General Aspect (GRI 2),Climate Action (SDG13)
ASICS_sustainability_report_2024.pdf,27,1,"ASICS is committed to proactively preventing and addressing human rights risks across our operations and supply chain. Guided by international standards, including the UN Guiding Principles on Business and Human Rights and the ILO core conventions, we integrate human rights due diligence into our policies, training, supplier engagement, and monitoring processes. From pre-screening new suppliers to regular monitoring through audits, worker surveys and site visits to strengthening grievance mechanisms and follow up with corrective actions, our approach aims to ensure fair, safe, and ethical working conditions while supporting continuous improvement and accountability across our value chain.",83,Relevant,SDG_8: Economic Growth,General,Informative,Qualitative,High Potential Greenwashing,Non-Climate,GRI 2,General Aspect (GRI 2),Non-Climate Action
ASICS_sustainability_report_2024.pdf,27,2,"The ASICS Corporate Supply Chain Traceability Program As a multinational company, we have an extensive and complex global supply chain that must adapt to rapidly evolving legislative requirements. These include the Uyghur Forced Labor Prevention Act (UFLPA), the Corporate Sustainability Due Diligence Directive (CSDDD), the Modern Slavery Act, and the developing Corporate Sustainability. ",47,Relevant,SDG_8: Economic Growth,Social,Informative,Qualitative,High Potential Greenwashing,Non-Climate,GRI 2,General Aspect (GRI 2),Non-Climate Action
ASICS_sustainability_report_2024.pdf,27,3,"In our sector, there are challenges in achieving visibility, traceability, and compliance to meet growing demands for detailed information about our products, from raw materials through finished goods. With these demands, we are responsible for the full lifecycle of our products, and our actions affect not only our compliance but our competitiveness as well.",46,Relevant,SDG_8: Economic Growth,Environmental,Informative,Qualitative,High Potential Greenwashing,Climate,GRI 306,General Aspect (GRI 2),Non-Climate Action
ASICS_sustainability_report_2024.pdf,27,4,"To tackle these challenges, we developed the ASICS Corporate Supply Chain Traceability Program, which: • Ensures compliance with an expanding landscape of global regulatory requirements. • Enhances visibility into every aspect of our supply chain, strengthening transparency and trust. • Promotes ethical sourcing practices and responsible procurement. • Equips internal and external stakeholders with accurate, real-time data to support informed decision-making. • Advances ASICS’ sustainability goals through data-­informed decisions and supplier accountability.",49,Relevant,SDG_8: Economic Growth,General,Informative,Qualitative,High Potential Greenwashing,Non-Climate,GRI 2,General Aspect (GRI 2),Non-Climate Action
ASICS_sustainability_report_2024.pdf,27,5,"Through the Program, we have developed an integrated system that ensures high visibility in supply chain mapping, responsible sourcing, and product integrity. We have also built a cross-functional product traceability team to ­standardize processes, workflows, methodologies, and tools.",28,Relevant,SDG_8: Economic Growth,Environmental,Informative,Qualitative,High Potential Greenwashing,Climate,GRI 306,General Aspect (GRI 2),Non-Climate Action
ASICS_sustainability_report_2024.pdf,27,6,"Central to this program is our collaboration with TrusTrace, a third-party digital platform we partnered with in 2024 to improve visibility and transparency throughout our supply chain. Digitizing our supply chain data through TrusTrace has significantly enhanced the efficiency of our audit operations. It allows us to streamline processes, accelerate decision-­ making, and offer faster insights into potential areas for improvement. With this system in place, suppliers can quickly identify corrective actions based on audit findings, and we can monitor the implementation of these actions in real-time, ensuring continuous improvement. This digital approach is also helping to mitigate future risks by providing a clear, ­t­ransparent view of our supply chain's operations.",94,Relevant,SDG_8: Economic Growth,Economic,Informative,Qualitative,High Potential Greenwashing,Climate,GRI 2,General Aspect (GRI 2),Non-Climate Action
ASICS_sustainability_report_2024.pdf,27,7,"As part of our broader commitment to responsible sourcing, we’ve made significant progress in onboarding our Tier 1 and key Tier 2 factories to this program. We are currently working on supply chain mapping through the system, aiming to enhance transparency and monitor key stages throughout our priority materials’ product lifecycles. In 2025, we plan to expand to additional materials and products, extending ­visibility beyond Tier 2 suppliers. This expansion integrates responsible sourcing data directly into ASICS' Enterprise Resource Planning (ERP) system, allowing us to trace the origins and trade flows of our supply chain more effectively.",80,Relevant,SDG_8: Economic Growth,Environmental,Informative,Qualitative,High Potential Greenwashing,Climate,GRI 306,General Aspect (GRI 2),Non-Climate Action
ASICS_sustainability_report_2024.pdf,27,8,"This initiative is a significant step in ASICS’ commitment to sustainability, responsible sourcing, and supply chain management. With full support from our executive team, we are approaching the completion of the Corporate Supply Chain Traceability pilot, with plans for program ­implementation in 2025. This will ensure continued alignment with ASICS’ sustainability objectives, goals, and long-term success.",43,Relevant,SDG_8: Economic Growth,General,Informative,Qualitative,High Potential Greenwashing,Climate,GRI 306,General Aspect (GRI 2),Non-Climate Action
ASICS_sustainability_report_2024.pdf,28,1,"Awareness and Capacity Building ASICS is committed to creating a safe, ethical workplace by proactively equipping employees and suppliers with ­knowledge and tools to identify and address human rights risks. Through targeted training, policy enforcement, and workplace improvement strategies, we foster a culture of accountability and continuous improvement.",41,Relevant,SDG_16: Peace,Social,Informative,Qualitative,High Potential Greenwashing,Non-Climate,GRI 2,General Aspect (GRI 2),Non-Climate Action
ASICS_sustainability_report_2024.pdf,28,2,"All ASICS employees receive training during onboarding, including modules on our Global Code of Conduct, anti-­ harassment policies, and workplace bullying prevention. In 2024, training sessions were held company-wide, with additional sessions required for managers and leaders on whistleblower protection and anti-retaliation procedures.",34,Relevant,SDG_16: Peace,Social,Informative,Qualitative,High Potential Greenwashing,Non-Climate,GRI 2,General Aspect (GRI 2),Non-Climate Action
ASICS_sustainability_report_2024.pdf,28,3,"ASICS strengthened supplier engagement in 2024 through ongoing education, online and in-person events, and collaboration with industry initiatives like ILO Better Work. Highlights include our Global Supplier Partnership Summit in Vietnam, attended by over 100 factory representatives, and regular on-site visits by ASICS teams. These visits go beyond compliance, focusing on open dialogue, trust-building, and raising awareness on topics such as forced labor prevention, freedom of association, grievance mechanisms, and worker empowerment.",55,Relevant,SDG_8: Economic Growth,Social,Informative,Qualitative,High Potential Greenwashing,Non-Climate,GRI 2,General Aspect (GRI 2),Non-Climate Action
ASICS_sustainability_report_2024.pdf,28,4,"Ensuring a Fair Recruitment Process We are collaborating with members of the American Apparel & Footwear Association (AAFA) to ensure an equitable recruitment process in various countries, including Taiwan. As part of this industry initiative, we have engaged our suppliers through on-site visits and evaluations, working with AAFA on auditing and remediation efforts. We have explained our commitment to compliance and the potential consequences for non-compliance to the suppliers. While ASICS has not had direct access to the recruitment agencies, the suppliers have been coordinating with them to implement a no-fee policy and ensure reimbursement.",82,Relevant,SDG_8: Economic Growth,Social,Informative,Qualitative,High Potential Greenwashing,Non-Climate,GRI 2,General Aspect (GRI 2),Non-Climate Action
ASICS_sustainability_report_2024.pdf,28,5,"Grievance and Complaint Mechanism At ASICS, we believe that by listening to our own employees and workers in our supply chain to identify and remedy poten- tial issues, we can reduce human rights risks and improve working conditions. Through our grievance mechanism, we can monitor issues or concerns, including those related to forced labor, child labor, harassment, wages, and working hours, at ASICS and throughout our supply chain.",56,Relevant,SDG_16: Peace,Social,Informative,Qualitative,High Potential Greenwashing,Non-Climate,GRI 2,General Aspect (GRI 2),Non-Climate Action
ASICS_sustainability_report_2024.pdf,28,6,"As part of our employee engagement program for workers in the supply chain, we began implementing Labor Solutions' employee engagement platform, WOVO. The platform, which includes e-learning, employee surveys, and grievance functions, aims to improve communication between factory management and employees, leading to reduced human rights risks and improved factory performance.",41,Relevant,SDG_8: Economic Growth,Social,Informative,Qualitative,High Potential Greenwashing,Non-Climate,GRI 2,General Aspect (GRI 2),Non-Climate Action
ASICS_sustainability_report_2024.pdf,28,7,"So far, WOVO has been rolled out in six strategic factories throughout Cambodia, Vietnam, and Taiwan, with additional factories under consideration. ASICS does not directly oversee the program. Instead, suppliers are encouraged to take ownership, allowing them to integrate best practices into their human resource management. Participation remains optional, as ASICS promotes learning rather than imposing a one-size-fits-all solution. Initial feedback from suppliers has been varied: some suppliers see the value in continuing with WOVO, while others prefer to incorporate its learnings into their existing grievance mechanisms.",72,Relevant,SDG_8: Economic Growth,Social,Informative,Qualitative,High Potential Greenwashing,Climate,GRI 2,General Aspect (GRI 2),Non-Climate Action
ASICS_sustainability_report_2024.pdf,28,8,"In 2024, there were three grievances filed by workers in the supply chain and reported through labor unions. All three cases have been responded to, two of them have been resolved and one is ongoing.",31,Relevant,SDG_8: Economic Growth,Social,Informative,Qualitative,Low Potential Greenwashing,Non-Climate,GRI 2,General Aspect (GRI 2),Non-Climate Action
ASICS_sustainability_report_2024.pdf,28,9,"ASICS Responsible Purchasing Practice ASICS is committed to promoting responsible purchasing practices aimed at mitigating forced labor risks within the supply chain. For example, by improving planning and forecasting, we aim to reduce the risk of excessive overtime among workers in our supply chain. We encourage equitable labor practices throughout the following stages: 1. Responsible recruitment 2. Planning and forecasting 3. Design and development 4. Cost and cost negotiation 5. Sourcing and order placement 6. Payment and terms. ",66,Relevant,SDG_8: Economic Growth,Social,Informative,Qualitative,High Potential Greenwashing,Climate,GRI 2,General Aspect (GRI 2),Non-Climate Action
ASICS_sustainability_report_2024.pdf,28,10,"Transparency Around Human Rights: the Wing Star Shoes Case We take allegations of human rights issues seriously, and we are making efforts to increase our transparency around our actions. For example, ASICS implemented the WOVO grievance tool at Wing Star Shoes Co., Ltd., a factory in Cambodia that produces for ASICS, as a response to the case related to a union leader that led to concerns about freedom of association and labor rights. To ultimately reinstate the union leader’s employment and secure fair compensation for lost wages, ASICS engaged trade unions and other stakeholders to urge the factory to ensure workers’ rights to organize without interference or retaliation.",96,Relevant,SDG_16: Peace,Social,Informative,Qualitative,High Potential Greenwashing,Non-Climate,GRI 2,General Aspect (GRI 2),Non-Climate Action
ASICS_sustainability_report_2024.pdf,29,1,"Social & Labor Convergence Program (SLCP) ASICS is a signatory of the Social & Labor Convergence Program, which provides the tools to capture accurate data about working conditions in global supply chains.",27,Relevant,SDG_8: Economic Growth,Social,Informative,Qualitative,High Potential Greenwashing,Non-Climate,GRI 2,General Aspect (GRI 2),Non-Climate Action
ASICS_sustainability_report_2024.pdf,29,2,"American Apparel and Footwear Association (AAFA) ASICS engages in collaborative initiatives with AAFA, demonstrating a commitment to advancing industry practices through cooperation with members and peers.",23,Irrelevant,N/A,N/A,N/A,N/A,N/A,N/A,N/A,N/A,N/A
ASICS_sustainability_report_2024.pdf,29,3,Cascale (formerly the Sustainable Apparel Coalition) ASICS incorporates Cascale’s Worldly Facility Environmental Module (the Higg FEM) score in Tier 1 and 2 supplier ratings to understand they manage their environmental performance.,23,Relevant,SDG_12: Responsible Consumption,Environmental,Informative,Qualitative,High Potential Greenwashing,Climate,GRI 306,Economical Aspect (GRI 201),Climate Action (SDG13)
ASICS_sustainability_report_2024.pdf,29,4,"Better Cotton (BC) Since 2019, ASICS has been a member of BC, which promotes measurable and continuing improvements for the environment, farming communities, and the economies of cotton-producing areas.",22,Irrelevant,N/A,N/A,N/A,N/A,N/A,N/A,N/A,N/A,N/A
ASICS_sustainability_report_2024.pdf,29,5,"ILO Better Work ASICS has been a partner of Better Work since 2014; we work closely with them in our production countries of Vietnam, Indonesia and Cambodia. Together, we have been organizing CSR seminars for our suppliers and collaborating on specific issues, such as our responsible purchasing practices.",42,Relevant,SDG_8: Economic Growth,Social,Informative,Qualitative,High Potential Greenwashing,Non-Climate,GRI 2,General Aspect (GRI 2),Non-Climate Action
ASICS_sustainability_report_2024.pdf,29,6,"ASICS operates within an extensive supply chain; protecting human rights and promoting transparency requires us to collaborate with our suppliers and peers throughout the industry. We engage with trade associations, non-govern- mental organizations, and various stakeholder groups and work to ensure our efforts are in line with industry best practices.",44,Relevant,SDG_16: Peace,Social,Informative,Qualitative,High Potential Greenwashing,Non-Climate,GRI 2,General Aspect (GRI 2),Non-Climate Action
ASICS_sustainability_report_2024.pdf,30,1,"Fostering diversity, equity, and inclusion (DE&I) is vital to ensuring we can continue to innovate and deliver products and services that support people’s well-being. All our employees, regardless of race, ethnicity, gender, age, religion, disability, sexual orientation, and gender identity, have access to an inclusive working environment, and we strive to create a company culture in which everyone feels comfortable to be themselves. Our DE&I strategy centers on three key focus areas: advancing women in management, enhancing employee engagement, and increasing employment of persons with disabilities, particularly in Japan.",67,Relevant,SDG_8: Economic Growth,Social,Informative,Qualitative,High Potential Greenwashing,Non-Climate,GRI 2,General Aspect (GRI 2),Non-Climate Action
ASICS_sustainability_report_2024.pdf,30,2,"We are on track to reach 40% women in management by 2026, progressing from 38.1% in 2023 to 39.5% in 2024, with tailored regional action plans guided by the Global DE&I Steering Committee. Employee engagement rose from 68 to 73 during the same period – exceeding our 2026 target of 70 – driven by global surveys and local initiatives. In Japan, we’re working towards a 4% employment rate for persons with disabilities by 2026. In 2024, the rate rose to 3.1% (from 2.9% in 2023), due to efforts including manager workshops, events like the Kobe Para Athletics World Championships, and expanded recruit- ment, including of para-athletes. Regional plans ­addressing disability inclusion will now scale globally. Reflecting our ongoing commitment, ASICS received the Gold rating in Japan’s Pride Index for the sixth consecutive year in 2024.",101,Relevant,SDG_8: Economic Growth,Social,Informative,Quantitative,Low Potential Greenwashing,Non-Climate,GRI 2,General Aspect (GRI 2),Non-Climate Action
ASICS_sustainability_report_2024.pdf,30,3,A healthy working environment is free from discrimination and harassment. The ASICS Global Code of Conduct and the ASICS' Human Rights Policy states our commitment to preventing harassment.,25,Relevant,SDG_8: Economic Growth,Social,Informative,Qualitative,High Potential Greenwashing,Non-Climate,GRI 2,General Aspect (GRI 2),Non-Climate Action
ASICS_sustainability_report_2024.pdf,30,4,"Our approach includes our Global Whistleblowing System, which employees can use to report cases of harassment. In 2024, there were 70* reports made via this system, of which 22** were harassment cases.",25,Relevant,SDG_16: Peace,Economic,Informative,Quantitative,Low Potential Greenwashing,Non-Climate,GRI 2,General Aspect (GRI 2),Non-Climate Action
ASICS_sustainability_report_2024.pdf,30,5,* Total number of cases reported to the global whistleblowing system and the Compliance Committee. ** This figure is limited to cases that were consulted with or reported to the Internal Reporting and Compliance Committee. Harassment cases that were directly consulted with HR are not included.,41,Relevant,SDG_16: Peace,Economic,Informative,Qualitative,High Potential Greenwashing,Non-Climate,GRI 2,General Aspect (GRI 2),Non-Climate Action
ASICS_sustainability_report_2024.pdf,31,1,"A diverse and equitable workforce is one that has equality in gender representation, and we are therefore committed to increasing the number of women in leadership positions at ASICS. We have set a goal of 40% women in management by 2026.",37,Relevant,SDG_5: Gender Equlaity,Social,Informative,Quantitative,High Potential Greenwashing,Non-Climate,GRI 2,General Aspect (GRI 2),Non-Climate Action
ASICS_sustainability_report_2024.pdf,31,2,Each regional ASICS entity creates an action plan to increase female representation. The Global DE&I Steering Committee monitors the progress of these action plans.,21,Relevant,SDG_5: Gender Equlaity,Social,Informative,Qualitative,High Potential Greenwashing,Non-Climate,GRI 2,General Aspect (GRI 2),Non-Climate Action
ASICS_sustainability_report_2024.pdf,31,3,"We are already seeing positive results: by the end of December 2024, the percentage of women in management positions globally was 39.5%, and the percentage of female directors 25%. For headquarters, the percentage increased from 14.7% in 2023 to 15.7% in 2024. (As of December 31, 2024). The 2024 ratio of females in manager and senior positions at ASICS Corporation (15.7%) is verified by Deloitte Tohmatsu Sustainability Co., Ltd.",53,Relevant,SDG_5: Gender Equlaity,Social,Informative,Quantitative,Low Potential Greenwashing,Non-Climate,GRI 2,General Aspect (GRI 2),Non-Climate Action
ASICS_sustainability_report_2024.pdf,31,4,"Disability is another focus for our recruitment, and our target is for 4% of our employees to be people with disabilities by 2026. Enhanced recruitment publicity activities led to the hiring of two new graduates and three mid-career ­professionals, including two para-athletes. This resulted in an employment rate of 3.1% people with disabilities in 2024.",47,Relevant,SDG_8: Economic Growth,Social,Informative,Quantitative,Low Potential Greenwashing,Non-Climate,GRI 2,General Aspect (GRI 2),Non-Climate Action
ASICS_sustainability_report_2024.pdf,31,5,"Our global system for recruitment, training, placement, evaluation, and skills development aims to encourage each employee to grow and develop their careers independently. All full-time employees working for ASICS undergo regular evaluations and Career Development Plan (CDP) interviews. Another important aim is to cultivate global executive ­candidates. ASICS identifies, develops, and promotes employees from all over the world who can play an active role on the global stage. Employees selected by the Human Resources Committee as candidates to succeed global management executives can participate via the ASICS Academy (Next Generation Leader Development Selection Program).",80,Relevant,SDG_8: Economic Growth,Social,Informative,Qualitative,High Potential Greenwashing,Non-Climate,GRI 2,General Aspect (GRI 2),Non-Climate Action
ASICS_sustainability_report_2024.pdf,31,6,"The ASICS Academy for employees in Japan is held in a format that includes employees around the world, and 22 employees have participated in the program over the past three years. We provide opportunities for domestic employees to interact with global members of the company and have held sessions with managers outside Japan.",49,Irrelevant,N/A,N/A,N/A,N/A,N/A,N/A,N/A,N/A,N/A
ASICS_sustainability_report_2024.pdf,31,7,"Employee engagement is important for ensuring an inclusive working culture, and we measure it through our annual Global Engagement Survey. In our most recent survey, conducted in October 2024, the response rate and engagement score were higher than the previous global survey: 92% of employees responded (up from 89% in 2023) and the engagement score was 73 (up from 68), exceeding our target of 70.",52,Relevant,SDG_8: Economic Growth,Social,Informative,Quantitative,Low Potential Greenwashing,Non-Climate,GRI 2,General Aspect (GRI 2),Non-Climate Action
ASICS_sustainability_report_2024.pdf,31,8,"We are now in a planning phase: all parts of the business are reviewing the survey data and creating action plans based on the results. The action plans are based on six “people success elements” – purpose, clarity, well-being, empowerment, connection, and growth. When woven into daily work life, these elements can foster a vibrant culture and produce enthusiastic leaders and employees.",49,Relevant,SDG_8: Economic Growth,Social,Informative,Qualitative,High Potential Greenwashing,Non-Climate,GRI 2,General Aspect (GRI 2),Non-Climate Action
ASICS_sustainability_report_2024.pdf,33,1,"People’s physical and mental well-being are intrinsically linked to the health of our planet: to achieve a sound mind in a sound body, we need a sound earth. We take our responsibility to minimize our negative environmental impacts and protect the planet seriously. In developing, manufacturing, and distributing our products and offering our services, ASICS uses many natural resources, from water to raw materials. Our approach to having a positive impact on the health of the planet centers around reducing our greenhouse gas (GHG) emissions, promoting circularity, minimizing our water use and waste, and creating innovative products.",81,Relevant,SDG_3: Good Health,Environmental,Informative,Qualitative,High Potential Greenwashing,Climate,GRI 306,General Aspect (GRI 2),Climate Action (SDG13)
ASICS_sustainability_report_2024.pdf,33,2,"How (Circular Business Model) *ASICS is currently assessing biofuel usage across its supply chain and has initiated data collection in partnership with suppliers. Moving forward, we will work to comprehensively track biofuel consumption and prepare for calculation and disclosure methods that align with the GHG Protocol's revi- sions on biofuel reporting.",43,Relevant,SDG_12: Responsible Consumption,Environmental,Informative,Qualitative,High Potential Greenwashing,Climate,GRI 306,Environmental Aspect (GRI 305),Climate Action (SDG13)
ASICS_sustainability_report_2024.pdf,34,1,"Progress relies on collaboration. As we continue to work towards the targets set out in our Mid-Term Plan 2026, our teams around the world are taking action for the planet. ASICS Japan launched a project team to increase employee awareness of sustainability. ASICS America expanded the solar panel capacity of the distribution center in US from 1MW to 2MW. ASICS Oceania started green energy ­procurement, and the green energy sourcing ratio has jumped to 71% from 0% in 2023. And in Southern Europe, e-commerce orders are now dispatched from a more local distribution center instead of our main distribution center in Germany, significantly reducing shipping carbon ­emissions in France, Spain, Portugal, and Italy. In 2024, we achieved a 43.1% reduction in Scope 1 and 2 ­emissions and a 14.9% reduction in Scope 3, with continued progress expected. Regarding Scope 3 emission, reduction rate is decreased compared to 2023. It is because the ­production volume was increased due to the business growth. On the other hand, use of renewable energy for our strategic Tier 1 footwear suppliers, which was started seriously from 2023 based on Green Procurement Policy, is going well. We will continue to work with suppliers to reduce CO2 emissions. We are actively working toward sourcing 100% renewable electricity for our own operations. All our strategic Tier 1 foot- wear suppliers now have concrete plans for ­renewable energy sourcing, with most having started the transition already. As a result, we updated the ASICS Green Procurement Policy to commit to 100% renewable energy sourcing by 2030 and expanded the scope to include more suppliers. We also intro- duced a new Material Procurement Policy, requiring suppliers to source not only recycled ­materials but also other environ- mentally preferred materials to further reduce CO2 emissions. In short, we are extending our climate actions further upstream - right to the source of our value chain. We have published our roadmap toward net-zero and will continue to refine our action plan in alignment with industry developments and collaborative opportunities.",273,Relevant,SDG_8: Economic Growth,Environmental,Informative,Quantitative,Low Potential Greenwashing,Climate,GRI 302,Environmental Aspect (GRI 305),Climate Action (SDG13)
ASICS_sustainability_report_2024.pdf,34,2,"As a high-priority topic, climate action is led by our highest governance bodies, and members of our Board of Directors and Executive Board receive financial incentives for their work on our strategy and actions.",30,Relevant,SDG_13: Climate Action,General,Informative,Qualitative,High Potential Greenwashing,Non-Climate,GRI 201,Economical Aspect (GRI 201),Climate Action (SDG13)
ASICS_sustainability_report_2024.pdf,34,3,"This approach solidifies our commitment to taking action toward our targets and ensures the involvement of our highest governing bodies. Executive Officers are engaged in our efforts, taking action to implement our strategy and integrate our actions throughout the business, including through stake- holder engagement.",40,Relevant,SDG_16: Peace,General,Informative,Qualitative,High Potential Greenwashing,Non-Climate,GRI 2,General Aspect (GRI 2),Non-Climate Action
ASICS_sustainability_report_2024.pdf,35,1,"Figures for Scope 1 are calculated according to factors based on the 2006 IPCC Guidelines (Commercial Institutional). Company/ lease car impacts in Brazil are calculated with factors using 2015 DEFRA data. Figures for Scope 2 are calculated according to factors based on IEA’s CO2 Emissions from Fuel Combustion 2016. The following formula is used when the amount of energy consumption for CO2 emissions is not available for any sites: (energy consumption per square meter estimated for each type of site) x (area of site) x (CO2 emission factor). The 2023 emissions data was restated due to a data review update. The 2024 emissions data is verified by Deloitte Tohmatsu Sustainability Co., Ltd.",88,Relevant,SDG_13: Climate Action,Environmental,Informative,Quantitative,Low Potential Greenwashing,Climate,GRI 305,Environmental Aspect (GRI 305),Climate Action (SDG13)
ASICS_sustainability_report_2024.pdf,35,2,"The following formula is used when the amount of energy consumption is not available for any sites: (energy consumption per square meter estimated for each type of site) x (area of site) x (conversion factor from each unit to GWh). The 2023 energy volume data was restated due to a data review update. The 2024 energy volume data are verified by Deloitte Tohmatsu Sustainability Co., Ltd.",54,Relevant,SDG_7: Affordable Energy,Environmental,Informative,Quantitative,Low Potential Greenwashing,Climate,GRI 302,Environmental Aspect (GRI 305),Climate Action (SDG13)
ASICS_sustainability_report_2024.pdf,36,1,"1 Calculation methods: Category 1 Footwear Tier 1: (energy consumptions at suppliers) x (percentage of ASICS production at suppliers) x (emission factor of each energy type). Footwear material: (production volume) x (emission factor of material from the past LCA study). Apparel Tier 1: (production volume) x (emission factor of Tier 1 from the past LCA study). Apparel material: (production volume) x (emission factor of material from the past LCA study). Equipment, marketing and sales: (price of purchased goods and services) x (emission factor of purchased goods and services2 ) 2 Calculation is made as per inter-industry relations table based emission factors of Emission factors database for greenhouse gas emissions accounting throughout the supply chain (ver.2.2 as of March 2015) published by Japanese Ministry of the Environment. The Category 1 (Purchased goods and services) CO2 emissions data of Scope 3 is verified by Deloitte Tohmatsu Sustainability Co., Ltd.",102,Relevant,SDG_12: Responsible Consumption,Environmental,Informative,Quantitative,Low Potential Greenwashing,Climate,GRI 305,Environmental Aspect (GRI 305),Climate Action (SDG13)
ASICS_sustainability_report_2024.pdf,36,2,"Scope 3 CO2 Emissions 2024 1. Purchased goods and services 651,189 83.9 Global Footwear Manufacturing CO2 Data (Tier 1), and ASICS Group companies' purchases of footwear material, apparel, equipment, marketing and sales (Calculation methods1) 2. Capital goods 14,651 1.9 ASICS Group companies 3. Fuel-and-energy-related activities 820 0.1 ASICS Group companies 4. Upstream transportation and distribution 46,928 6.0 Category 4 includes air and sea freight of footwear related logistics, air freight of apparel related logistics for Japan, rail and road freight of 'Port to DC' in Europe, US and Japan, and road freight of 'DC to customers' in Japan. 5. Waste generated in operations 46 0.0 ASICS Group companies 6. Business travel 5,382 0.7 ASICS Group companies 7. Employee commuting 452 0.1 ASICS Group companies in Japan 8. Upstream leased assets - - Not assessed 9. Downstream transporation and distribution 7,396 1.0 ASICS Group companies 10. Processing of sold products - - Not assessed 11. Use of sold products 17,050 2.2 ASICS Group companies 12. End-of-life-treatment of sold products 32,102 4.1 ASICS Group companies 13. Downstream leased assets - - Not assessed 14. Franchises - - Not assessed 15. Investments - - Not assessed. ",123,Irrelevant,N/A,N/A,N/A,N/A,N/A,N/A,N/A,N/A,N/A
ASICS_sustainability_report_2024.pdf,37,1,"We work closely with suppliers to support their emissions reduction efforts and other sustainability activities, and they are committed to our shared goals.",21,Relevant,SDG_12: Responsible Consumption,Environmental,Non-informative/Vague,Qualitative,High Potential Greenwashing,Climate,GRI 302,Environmental Aspect (GRI 305),Climate Action (SDG13)
ASICS_sustainability_report_2024.pdf,37,2,"In 2024, 100% of our strategic Tier 1 footwear suppliers had concrete renewable energy sourcing plans in place, meeting our target in this area. We therefore updated the ASICS Green Procurement Policy in 2024 to accelerate the reduction process: the target is to commit to sourcing 100% renewable energy by 2030. We also expanded the target suppliers.",47,Relevant,SDG_8: Economic Growth,Environmental,Informative,Quantitative,Low Potential Greenwashing,Climate,GRI 302,Environmental Aspect (GRI 305),Climate Action (SDG13)
ASICS_sustainability_report_2024.pdf,37,3,"We are committed to advancing sustainability through initiatives such as the selection of environmentally preferred materials. Our new ASICS Material Procurement Policy outlines clear requirements in this area, aiming to embed sustainability and risk management into sourcing and supplier selection—alongside quality, delivery, and cost. The policy requires suppliers to use environmentally friendly materials, set CO2 reduction targets, and provide environmental data necessary for CO2 calculations.",54,Relevant,SDG_12: Responsible Consumption,Environmental,Informative,Qualitative,High Potential Greenwashing,Climate,GRI 306,General Aspect (GRI 2),Non-Climate Action
ASICS_sustainability_report_2024.pdf,37,4,"ASICS requests relevant information from suppliers to manage and disclose sustainability progress effectively. ­To that end, we disclosed our CO2 reduction targets and began discussions with suppliers to achieve them. We invited some suppliers to ASICS headquarters and held a supplier meeting to share our vision and new material procurement policy, discuss industry trends, and strengthen the collaboration between ASICS and suppliers.",54,Relevant,SDG_12: Responsible Consumption,Environmental,Informative,Qualitative,High Potential Greenwashing,Climate,GRI 306,Environmental Aspect (GRI 305),Non-Climate Action
ASICS_sustainability_report_2024.pdf,37,5,"Awards and accolades highlight the progress we are making toward our climate goals. In 2024, for the first time, the international non-profit organization CDP awarded ASICS the highest rating – “A” – in climate change.",27,Relevant,SDG_13: Climate Action,Economic,Informative,Qualitative,High Potential Greenwashing,Climate,GRI 201,Economical Aspect (GRI 201),Climate Action (SDG13)
ASICS_sustainability_report_2024.pdf,37,6,"This recognition reflects our commitment to focus on ­sustainability in our business operations, integrating ­climate-related risks and opportunities into strategies, and working to reduce GHG emissions across the entire value chain. It also acknowledges our adoption of TCFD recommendations.",33,Relevant,SDG_13: Climate Action,Environmental,Informative,Qualitative,High Potential Greenwashing,Climate,GRI 201,Economical Aspect (GRI 201),Climate Action (SDG13)
ASICS_sustainability_report_2024.pdf,37,7,"In 2024, we also received the 6th Japan Open Innovation Prize Japan Sports Agency (JSA) Commissioner Award for the GEL-LYTE™ III CM 1.95. This year's award was presented to ASICS in recognition of becoming a role model for ­manufacturers with its efforts throughout the supply chain to produce a sneaker, GEL-LYTE™ III CM1.95, with the world's lightest CO2 emissions* and the presentation of a calculation method to inspire the industry.",56,Irrelevant,N/A,N/A,N/A,N/A,N/A,N/A,N/A,N/A,N/A
ASICS_sustainability_report_2024.pdf,37,8,"Our climate leadership extends beyond product ­innovation. In 2024, ASICS joined the GX League, a Japanese ­government-led initiative launched in 2022 to promote greenhouse gas reductions and enhance industrial ­competitiveness. The League leverages Japan’s 2050 carbon neutrality target as an opportunity for economic growth. As part of our engagement, Kazumichi Ikeda from the ASICS. ",43,Relevant,SDG_13: Climate Action,Economic,Informative,Qualitative,High Potential Greenwashing,Climate,GRI 302,Economical Aspect (GRI 201),Climate Action (SDG13)
ASICS_sustainability_report_2024.pdf,37,9,"Further reinforcing our thought leadership, Seiko Inoue, General Manager of the ASICS Sustainability Department, presented at the Ministry of the Environment’s Committee on Carbon Footprint Labeling. There, she contributed to the national conversation on standardizing environmental impact disclosure and promoting transparent carbon footprint communication.",37,Relevant,SDG_12: Responsible Consumption,Environmental,Informative,Qualitative,High Potential Greenwashing,Climate,GRI 306,Environmental Aspect (GRI 305),Climate Action (SDG13)
ASICS_sustainability_report_2024.pdf,38,1,"To strengthen our efforts to make our products more ­sustainable, we introduced carbon footprint labeling for running shoes in 2023. By measuring and disclosing the carbon footprint – the total amount of greenhouse gases generated over a product’s life cycle – we aim to engage consumers in our collective efforts to change behaviors, cut emissions, and tackle climate change.",51,Relevant,SDG_12: Responsible Consumption,Environmental,Informative,Qualitative,High Potential Greenwashing,Climate,GRI 306,Environmental Aspect (GRI 305),Climate Action (SDG13)
ASICS_sustainability_report_2024.pdf,38,2,"In 2024, we expanded the scope of our carbon footprint ­labeling to incorporate products from the categories ‘sportstyle’, ‘core performance’, and ‘apparel’. We applied this expanded scope also to our efforts to reduce the ­environmental impact of the official sportswear for Japanese Olympic Committee (JOC), Japanese Paralympic Committee (JPC), and Australian Olympic Committee (AOC).",44,Relevant,SDG_12: Responsible Consumption,Environmental,Informative,Qualitative,High Potential Greenwashing,Climate,GRI 306,Environmental Aspect (GRI 305),Climate Action (SDG13)
ASICS_sustainability_report_2024.pdf,38,3,"We incorporated recycled materials and integrated renewable energy at factories for all three committee delegates, across items including podium jackets, podium pants, and shoes. We successfully reduced emissions for the JOC and JPC by 34% compared to the last time for each set of JOC and JPC podium jacket and podium pants.",46,Irrelevant,N/A,N/A,N/A,N/A,N/A,N/A,N/A,N/A,N/A
ASICS_sustainability_report_2024.pdf,38,4,"For the first time, we calculated the carbon footprint of apparel items based on our carbon footprint calculation methodology. The total calculated carbon footprint of JOC, JPC, and AOC official sportswear* amounted to 122 tons CO2e. ASICS has now purchased 200 tons of carbon credits that exceed the total calculated carbon footprint. The carbon credits were used to support Delta Blue Carbon, a mangrove restoration project in Pakistan.",57,Relevant,SDG_12: Responsible Consumption,Environmental,Informative,Quantitative,Low Potential Greenwashing,Climate,GRI 306,Environmental Aspect (GRI 305),Climate Action (SDG13)
ASICS_sustainability_report_2024.pdf,39,1,"Our partnership with the JOC, JPC, and AOC to boost the sustainability and transparency of their apparel builds on our success with the carbon footprint labeling of shoes. In 2024, we added carbon footprint labeling to the GEL QUANTUM 360™ VIII, and the SOLUTION SPEED FF™ 3 became the first tennis shoe in the industry to have its carbon emissions calculated.",52,Irrelevant,N/A,N/A,N/A,N/A,N/A,N/A,N/A,N/A,N/A
ASICS_sustainability_report_2024.pdf,39,2,"Taking TEAM JAPAN Products Full Circle More than 1,000 consumers joined a workshop to create a circular bracelet using scraps of the podium wear of the TEAM JAPAN of Olympic and Paralympic Games Paris 2024. In total, 1,500 bracelets were handed over to athletes. Read more about circularity on page 41 →",45,Irrelevant,N/A,N/A,N/A,N/A,N/A,N/A,N/A,N/A,N/A
ASICS_sustainability_report_2024.pdf,39,3,"A product’s carbon footprint reflects the total greenhouse gas emissions generated across its entire life cycle: from raw materials and manufacturing to transportation, use, and end of life. At ASICS, we’re committed to reducing our emissions across the value chain. That’s why we’re transparent about how we measure, calculate, and report our impact. We use a rigorous, science-based methodology to assess each stage of a product’s life. More about our calculation method here.",55,Relevant,SDG_12: Responsible Consumption,Environmental,Informative,Qualitative,High Potential Greenwashing,Climate,GRI 306,Environmental Aspect (GRI 305),Climate Action (SDG13)
ASICS_sustainability_report_2024.pdf,40,1,"The Run for Reforestation Challenge — a campaign that encourages people to nurture healthy minds and bodies through exercise while supporting reforestation efforts — reached new heights in 2024, with 95,950 completions. This marks a significant increase from 50,253 completions in 2023 and exceeds our KPI of 75,000 completions. This means nearly twice as many people ­participated compared to last year, enabling us to plant nearly twice as many trees.",58,Relevant,SDG_8: Economic Growth,Environmental,Informative,Quantitative,Low Potential Greenwashing,Climate,GRI 101,Economical Aspect (GRI 201),Climate Action (SDG13)
ASICS_sustainability_report_2024.pdf,40,2,"Through our ongoing partnership with One Tree Planted, ­we pledged to plant one tree for every 5km run or walked. Trees are being planted in Indonesia, Vietnam, California in the U.S., Mexico and across Europe. The areas chosen for reforesta- tion were based on the locations of our factories and other suppliers, as well as our markets and office locations.",49,Irrelevant,N/A,N/A,N/A,N/A,N/A,N/A,N/A,N/A,N/A
ASICS_sustainability_report_2024.pdf,40,3,"In the 2023 Sustainability Engagement survey, ASICS employees reported that they needed support with gaining knowledge about sustainability to incorporate it in their work. In response, we introduced the Sustainable Ambassador program at ASICS Headquarters and ASICS Japan.",33,Relevant,SDG_8: Economic Growth,General,Informative,Qualitative,High Potential Greenwashing,Non-Climate,GRI 2,General Aspect (GRI 2),Non-Climate Action
ASICS_sustainability_report_2024.pdf,40,4,"Originally started at ASICS North America (ANA) in 2023, the program is a three-month self-guided online course called “School of Understanding Sustainability in the Apparel Industry,” provided by The Underswell and led by Derek Sabori. In 2024, 20 people from ASICS Headquarters and ASICS Japan and 10 people from ANA ­participated in the program. This means that since the program started in 2023, 40 employees from around the world have ­participated this program in total.",59,Irrelevant,N/A,N/A,N/A,N/A,N/A,N/A,N/A,N/A,N/A
ASICS_sustainability_report_2024.pdf,40,5,"Employee Awareness of Sustainability At ASICS, we strive for over 70% of our employees to ­incorporate sustainability into their work. We conduct an annual survey to measure employees’ capacity for driving sustainability. In 2024, 54% of global employees responded that they incorporate sustainability into their work, marking a decline since 2023 due to the lower response rate ­resulting from a change of survey system. The survey results ­continuously highlight the need for capacity building, so we will keep strengthening our training program.",67,Relevant,SDG_8: Economic Growth,Social,Informative,Quantitative,High Potential Greenwashing,Non-Climate,GRI 2,General Aspect (GRI 2),Non-Climate Action
ASICS_sustainability_report_2024.pdf,41,1,"For NEOCURVETM shoes, we collaborated with FastFeetGrinded (FFG), who recycles footwear waste, deadstock, and defective shoes as feedstock materials for new footwear or other products and businesses. The weight ratio of ground shoe materials to the total weight of the NEOCURVETM shoes is approximately 15%, and the ratio of recycled materials including other general recycled materials is approximately 25%.",52,Irrelevant,N/A,N/A,N/A,N/A,N/A,N/A,N/A,N/A,N/A
ASICS_sustainability_report_2024.pdf,41,2,"On the path to net zero, many of the actions we are taking to reduce emissions and waste are integral to our circular approach, helping us to reduce our environmental impact. Our design philosophy embraces circularity, from product ­inception to disposal. We strive to create high-quality products that last, extending their functional life cycle. We use more recycled and recyclable materials, reduce and repurpose waste, and offer take-back services to consumers.",58,Relevant,SDG_12: Responsible Consumption,Environmental,Informative,Qualitative,High Potential Greenwashing,Climate,GRI 306,Environmental Aspect (GRI 305),Climate Action (SDG13)
ASICS_sustainability_report_2024.pdf,41,3,"We aim to reduce CO2 emissions and other environmental impacts by using fewer materials, creating longer-lasting products, and promoting resource circulation. As part of this, we are working towards achieving 100% use of recycled polyester materials in shoes and sportswear by 2030. In 2024, over 50% of polyester materials used were recycled, and we plan to leverage insights from our 2024-launched NEOCURVETM shoes and NIMBUS MIRAITM shoes to continue improving our ­circularity efforts.",59,Relevant,SDG_12: Responsible Consumption,Environmental,Informative,Quantitative,Low Potential Greenwashing,Climate,GRI 306,Environmental Aspect (GRI 305),Climate Action (SDG13)
ASICS_sustainability_report_2024.pdf,41,4,"Our regional efforts come together to enhance circularity across the organization. In 2024, footwear recycling boxes were introduced at our Amsterdam store and the European office. In Poland and in North America, we continued the Road Tested initiative to resell returned, close-to-new items. And ASICS Oceania increased the volume of collected shoes for reuse and recycling by 73% compared to 2023.",52,Relevant,SDG_12: Responsible Consumption,Environmental,Informative,Quantitative,Low Potential Greenwashing,Climate,GRI 306,General Aspect (GRI 2),Non-Climate Action
ASICS_sustainability_report_2024.pdf,41,5,"The Shoe Made to Be Returned We took a step forward in circular design in 2024: the NIMBUS MIRAI™ running shoe, which was made to be returned. With a 100% recyclable engineered knit upper, ASICS original glue to make disassembly easier, and each NIMBUS MIRAI™ will emit just 6.1kg of CO2e across its lifecycle – about 57% lower than industry average.* To close the loop, we partnered with TerraCycle to offer a free recycling program, through which used shoes are incorporated as materials into new ones. NIMBUS MIRAI™ shoes was selected for the Good Design Best 100 award and the Good Design Award Jury's Selection My Personal Favorites (Japan only).",89,Irrelevant,N/A,N/A,N/A,N/A,N/A,N/A,N/A,N/A,N/A
ASICS_sustainability_report_2024.pdf,41,6,"*Assessed using ASICS’ carbon footprint methodology version 1.1 and the most comprehensive reporting available for industry average running shoes, conducted by MIT (report). Learn more about our calculation methodology (here).",24,Relevant,SDG_12: Responsible Consumption,Environmental,Informative,Qualitative,High Potential Greenwashing,Climate,GRI 306,Environmental Aspect (GRI 305),Climate Action (SDG13)
ASICS_sustainability_report_2024.pdf,41,7,"The Reclaimed Materials Shoe The NEOCURVE™ sneaker, a cutting-edge footwear design crafted from a blend of unwanted, unused, and reclaimed materials, represents another leap in circular design. Every step in the creation of the NEOCURVE™ shoe, from ­collection and disassembly to design and manufacturing, took place within Europe. This localized approach minimizes the ­environmental footprint associated with global supply chains, reinforcing our commitment to sustainability and. ",51,Irrelevant,N/A,N/A,N/A,N/A,N/A,N/A,N/A,N/A,N/A
ASICS_sustainability_report_2024.pdf,42,1,"Climate change and resource scarcity are connected challenges we face globally. In our current linear economy, limited resources are used to manufacture products. At ASICS we are driving to shift to circular approach through three keywords: Less, Cleaner, and Longer.",33,Relevant,SDG_12: Responsible Consumption,Economic,Informative,Qualitative,High Potential Greenwashing,Climate,GRI 306,Economical Aspect (GRI 201),Climate Action (SDG13)
ASICS_sustainability_report_2024.pdf,42,2,"We are embedding these three keywords into our business activities from product design to supply chain, and rethinking and redesigning the way we create value to society through our business. Our circular actions throughout the value chain aim to reduce CO2 emissions, water, and resource usage (waste volume).",41,Relevant,SDG_12: Responsible Consumption,Environmental,Informative,Qualitative,High Potential Greenwashing,Climate,GRI 306,General Aspect (GRI 2),Non-Climate Action
ASICS_sustainability_report_2024.pdf,43,1,"The Digital Tool The 3D Shoes Viewer uses the Spatial Reality Display ­developed by Sony Corporation to reduce the number of physical samples. We have reduced the number of physical samples to less than half of what it used to be, cutting the time and cost required for sample production and ­contributing to improving the factory working environment. By using the 3D Shoes Viewer, we have also reduced the amount of discarded materials and samples.",66,Irrelevant,N/A,N/A,N/A,N/A,N/A,N/A,N/A,N/A,N/A
ASICS_sustainability_report_2024.pdf,43,2,"From Waste to Wear: Cacao-Powered Footwear In a cross-industry collaboration with Lotte in the sports style category, we developed the ""GEL-1130TM"" shoes and ""GEL-1130 PSTM"" shoes, which utilize cacao husks generated during chocolate manufacturing. The upper is made of fabric dyed with a dye mixed with cacao husk*1 and artificial leather mixed with cacao husk.*2 The sole of the shoe is made of rubber with cacao husk added.*3. ",56,Irrelevant,N/A,N/A,N/A,N/A,N/A,N/A,N/A,N/A,N/A
ASICS_sustainability_report_2024.pdf,43,3,"Read more (in Japanese) → *1 Textile materials account for approximately 49% of the upper, and the total amount of cacao husk used for dye is approximately 3.0 kg. *2 Artificial leather accounts for approximately 51% of the upper and contains approximately 1.3% cacao husk. *3 Each shoe sole contains approximately 5% cacao husk. Please note that cacao husk is not added to the soles of children's shoes.",48,Irrelevant,N/A,N/A,N/A,N/A,N/A,N/A,N/A,N/A,N/A
ASICS_sustainability_report_2024.pdf,43,4,"Recycled & Reused Volume Recovered Volume Disposal Volume 2024 2024: 13 companies, 23 locations, covering 61% of operations (FTE basis). 2023: 14 companies, 24 locations, covering 57% of operations (FTE basis). 2022: 10 companies, 20 locations, covering 64% of operations (FTE basis). 2021: 11 companies, 26 locations, covering 70% of operations (FTE basis). 2020: 16 companies, 26 locations, covering 62% of operations (FTE basis).",22,Relevant,SDG_12: Responsible Consumption,Environmental,Informative,Quantitative,Low Potential Greenwashing,Climate,GRI 306,Environmental Aspect (GRI 305),Climate Action (SDG13)
ASICS_sustainability_report_2024.pdf,43,5,"Waste is an important element of our circular approach: we aim to reduce waste and recycle or repurpose it, where possible, as input material for products.",22,Relevant,SDG_12: Responsible Consumption,Environmental,Informative,Qualitative,High Potential Greenwashing,Climate,GRI 306,Environmental Aspect (GRI 305),Climate Action (SDG13)
ASICS_sustainability_report_2024.pdf,43,6,"We work with authorized waste collectors to manage the waste generated by our direct operations, and we ensure they meet both our standards and comply to regulations with regular checks of their documentation. We collect data on waste using a cloud-based database.",38,Relevant,SDG_12: Responsible Consumption,Environmental,Informative,Qualitative,High Potential Greenwashing,Climate,GRI 306,Environmental Aspect (GRI 305),Climate Action (SDG13)
ASICS_sustainability_report_2024.pdf,43,7,More than three-quarters of the waste we send to landfill or incineration comes from four of our sites: two distribution centers and two factories. They are a focus for our waste reduction efforts.,29,Relevant,SDG_12: Responsible Consumption,Environmental,Informative,Quantitative,High Potential Greenwashing,Climate,GRI 306,Environmental Aspect (GRI 305),Climate Action (SDG13)
ASICS_sustainability_report_2024.pdf,44,1,"Our business depends on ecosystems that provide essential resources, such as water, and raw materials, like cotton and leather, for our products. We recognize the importance of biodiversity and the impact that the apparel and footwear industry has on it. Our biodiversity policy outlines the ­relationship between our business and biodiversity in areas such as sourcing natural resources, consuming water, and dyeing textiles.",53,Relevant,SDG_15: Terrestrial,Environmental,Informative,Qualitative,High Potential Greenwashing,Climate,GRI 101,Economical Aspect (GRI 201),Climate Action (SDG13)
ASICS_sustainability_report_2024.pdf,44,2,"As a member of the Leather Working Group (LWG) and one of the signatories of The Fashion Pact, we support zero deforestation and sustainable forest ­management. We are also committed to the LWG's aim to achieve 100% conversion-free and deforestation-free leather by 2030. Furthermore, we are committed to developing the products that reduce our dependence on natural resources through collaboration with our suppliers and partners. Our initiatives include sourcing recycled materials for both products and packaging and using technology to lower water consump- tion. Lastly, we aim to strengthen the traceability of our material.",80,Relevant,SDG_12: Responsible Consumption,Environmental,Informative,Qualitative,High Potential Greenwashing,Climate,GRI 306,Environmental Aspect (GRI 305),Non-Climate Action
ASICS_sustainability_report_2024.pdf,44,3,"Biodiversity and climate change must be considered together. Climate change is exacerbating the loss of local species and the decline of biodiversity, which in turn reduces the amount of carbon stored in nature, thereby driving climate change. We take our role in impacting ecosystems and our responsibility to protect them seriously. We are in the process of investigating our impacts and defining appropriate targets for biodiversity. To guide this process, we are using the LEAP approach (Locate, Evaluate, Assess, Prepare), which is the recom- mended analytical framework of the Taskforce on Nature- related Financial Disclosures (TNFD). TNFD is a global initiative that provides guidance for organizations to identify, assess, and disclose their nature-related dependencies, impacts, risks, and opportunities—helping companies align their strategies with the protection and restoration of nature. Our LEAP approach includes: Locate interface with nature; Evaluate dependencies and impacts; Assess material risk and opportunities; and Prepare to respond and report. We plan to disclose the results of our ­investigation in our 2025 Sustainability Report.",136,Relevant,SDG_15: Terrestrial,Environmental,Informative,Qualitative,High Potential Greenwashing,Climate,GRI 101,Economical Aspect (GRI 201),Climate Action (SDG13)
ASICS_sustainability_report_2024.pdf,45,1,"The water discharge and pollution of water sources has have a negative impact on biodiversity. That’s why our efforts to minimize water impacts also help mitigate ASICS’ broader impact on biodiversity. We actively engage stakeholders across the value chain on water-related issues. Much of the water used in our direct operations comes from municipal sources. Monitoring and managing our water use and waste- water output is key to our water management strategy. We track the water impact of ASICS facilities through our data management system and collect annual consumption data from Tier 1 footwear suppliers via Higg FEM. This data includes details on freshwater and water from areas experiencing water stress. We reduce our water impacts by installing water-ef- ficient equipment in new, renovated, or relocated buildings — and by encouraging employees to conserve water. Apparel production is often water-intensive. To tackle this, ASICS is adopting dyeing technologies that require significantly less water. One example is the Solution Dyeing technique, which reduces wastewater generated during apparel production and dyeing processes—cutting water usage by approximately 33% compared to conventional dyeing methods. While some water use is unavoidable, we are taking steps to reduce consump- tion and manage wastewater more effectively.",172,Relevant,SDG_6: Clean Water & Sanitation,Environmental,Informative,Qualitative,High Potential Greenwashing,Climate,GRI 303,Environmental Aspect (GRI 305),Climate Action (SDG13)
ASICS_sustainability_report_2024.pdf,45,2,"Although limited, our use of cotton as one of the natural fibers in ASICS apparel products impacts nature. We have set a target to source 100% more sustainable cotton for our products by 2025. We made progress toward this target in 2024, with 59.8% more sustainable cotton* used in our products.",43,Relevant,SDG_12: Responsible Consumption,Environmental,Informative,Quantitative,Low Potential Greenwashing,Climate,GRI 306,Environmental Aspect (GRI 305),Climate Action (SDG13)
ASICS_sustainability_report_2024.pdf,45,3,"Our approach includes a strengthened policy for the ­procurement of raw materials and a process for checking the traceability and status of the cotton materials purchased, including expecting our suppliers to hold documents of ­material origin certification.",33,Relevant,SDG_12: Responsible Consumption,Environmental,Informative,Qualitative,High Potential Greenwashing,Climate,GRI 306,General Aspect (GRI 2),Non-Climate Action
ASICS_sustainability_report_2024.pdf,45,4,"Since 2019, ASICS has been a member of Better Cotton (BC). BC works with a diverse range of stakeholders across the cotton supply chain to promote measurable and continuing improvements for the environment, farming communities, and the economies of cotton-producing areas.",35,Relevant,SDG_2: Zero Hunger,Environmental,Informative,Qualitative,High Potential Greenwashing,Climate,GRI 306,General Aspect (GRI 2),Non-Climate Action
ASICS_sustainability_report_2024.pdf,45,5,"Water Volume Used in Our Operations (m3) 23,154 2024: 14 companies, 53 locations, covering 67% of operations (FTE basis). 2023: 23 companies, 72 locations, covering 69% of operations (FTE basis). 2022: 13 companies, 68 locations, covering 67% of operations (FTE basis). 2021: 13 companies, 74 locations, covering 69% of operations (FTE basis). 2020: 28 companies, 82 locations, covering 75% of operations (FTE basis).",21,Relevant,SDG_6: Clean Water & Sanitation,Environmental,Informative,Quantitative,Low Potential Greenwashing,Climate,GRI 303,Environmental Aspect (GRI 305),Climate Action (SDG13)
ASICS_sustainability_report_2024.pdf,46,1,"People around the world rely on our products and services to support their physical and mental well-being, and it is our responsibility to ensure that those products and services are high-quality and safe. We operate a safety and quality management system to ensure that our products continue to meet the expectations of our customers and comply with relevant legislation.",55,Relevant,SDG_8: Economic Growth,Social,Informative,Qualitative,High Potential Greenwashing,Non-Climate,GRI 2,General Aspect (GRI 2),Non-Climate Action
ASICS_sustainability_report_2024.pdf,46,2,"We have clarified the roles and responsibilities of each ­department and how they contribute to improving the safety and quality of our products. We continuously update our safety and quality standards for each material, component, and product, and we apply these standards consistently throughout our product development and production.",43,Relevant,SDG_12: Responsible Consumption,Social,Informative,Qualitative,High Potential Greenwashing,Non-Climate,GRI 306,General Aspect (GRI 2),Non-Climate Action
ASICS_sustainability_report_2024.pdf,46,3,"We conduct a safety and quality review of all products in the development phase. Our rigorous safety practices are in line with the new EU General Product Safety Regulation (GPSR), which became applicable in December 2024.",33,Relevant,SDG_8: Economic Growth,Social,Informative,Qualitative,High Potential Greenwashing,Climate,GRI 306,General Aspect (GRI 2),Non-Climate Action
ASICS_sustainability_report_2024.pdf,46,4,"In 2024, there were two voluntary product recalls in Japan, due to product defects: one was a spelling error on the product, and the other was insufficient product durability.",24,Irrelevant,N/A,N/A,N/A,N/A,N/A,N/A,N/A,N/A,N/A
ASICS_sustainability_report_2024.pdf,46,5,"We also operate a system to review marketing and labelling communications in order to ensure that they are based on the truth and do not mislead consumers, and our efforts are led by the Guidelines for Representations in Advertising Materials for Products and Services. We are committed to ensure that environmental and social claims are accurate and not overstated. In 2024, there was one product information error, regarding material composition.",64,Relevant,SDG_12: Responsible Consumption,Social,Informative,Qualitative,High Potential Greenwashing,Climate,GRI 306,General Aspect (GRI 2),Non-Climate Action
ASICS_sustainability_report_2024.pdf,46,6,Our management system also includes training for employees and suppliers and a process for handling accidents and defects to ensure consistent quality and safety at every stage of the value chain.,30,Relevant,SDG_8: Economic Growth,Social,Informative,Qualitative,High Potential Greenwashing,Non-Climate,GRI 2,General Aspect (GRI 2),Non-Climate Action
ASICS_sustainability_report_2024.pdf,46,7,"Collaboration With Industry In line with our commitment to safety and sustainability, we manage restricted, harmful chemical substances in our products. Since 2013, ASICS has been a member of the Apparel and Footwear International RSL Management (AFIRM) Group, which promotes industry-wide collaboration to reduce the use and impact of harmful chemical substances in the apparel and footwear supply chain. We use the latest AFIRM Restricted Substances List (AFIRM RSL) to provide safe products that do not negatively impact humans or the environment.",71,Relevant,SDG_8: Economic Growth,Environmental,Informative,Qualitative,High Potential Greenwashing,Climate,GRI 306,General Aspect (GRI 2),Non-Climate Action
ASICS_sustainability_report_2024.pdf,46,8,"Eliminating the Use of PFAS Per- and polyfluoroalkyl substances (PFAS) regulations continue to become stricter globally. Since 2016, we have gradually increased our use of PFAS-free durable water ­repellent (DWR). As of 2024, we have ended the intentional use of PFAS for all applications including PTFE membranes, except for essential use in non-regulated regions. In addition, to comply with the PFAS Ban in California, we carried out inventory management so that PFAS-containing products will not be sold in the United States from January 2025. We will continue to comply with upcoming global PFAS regulations, ensuring our products meet the highest safety and environ- mental standards.",87,Relevant,SDG_12: Responsible Consumption,Environmental,Informative,Qualitative,High Potential Greenwashing,Climate,GRI 306,Environmental Aspect (GRI 305),Climate Action (SDG13)
ASICS_sustainability_report_2024.pdf,46,9,"Reducing Volatile Organic Compounds (VOCs) The manufacture of footwear, especially high-performance sports shoes, involves the use of adhesives. Conventional adhesives are based on solvents containing VOCs, which can potentially harm people and the environment. We have been transitioning to water-based adhesive since 2011 to reduce VOCs usage. In 2024, VOCs usage at our strategic factories was estimated to be 3,944 tons. This is based on the ­calculation of the total adhesive consumed, including disposed volume at the factories. It is important to note that all VOCs are carefully managed and controlled to minimize their environmental and health impacts.",81,Irrelevant,N/A,N/A,N/A,N/A,N/A,N/A,N/A,N/A,N/A
ASICS_sustainability_report_2024.pdf,47,1,"We take a double materiality approach to determining our priority sustainability topics. When it comes to climate, this means considering not just the impact ASICS has on the planet, but also the impact climate change has on our business, including its financial impact. To determine this, we follow TCFD Recommendations. As such, in 2023, we conducted a scenario analysis for all ASICS businesses to understand the resilience of our corporate strategy under different possible future scenarios. We considered four scenarios, representing global ­temperature increases of +1.5˚C, +2˚C, and +4˚C for the analysis. And when analyzing the risks and opportunities related to climate change, we selected 2030 and 2050 to reflect our roadmap to net-zero. Our selection of scenarios was based on the notion that very similar temperature changes would occur in the 2˚C and 4˚C scenarios as of 2030, and that the impact of physical risk would be bigger after 2030.",127,Relevant,SDG_13: Climate Action,Economic,Informative,Qualitative,High Potential Greenwashing,Climate,GRI 201,Economical Aspect (GRI 201),Climate Action (SDG13)
ASICS_sustainability_report_2024.pdf,47,2,"• IEA scenarios – more related to transition risk. We referred to the multiple IEA scientific scenarios, the IEA NZE 2050 for +1.5˚C, the IEA APS for +2˚C, and the IEA STEPS for up to +4˚C. • RCP scenarios – more related to physical risk. We referred to the multiple RCP scientific scenarios, the RCP 4.5 for +2˚C, and the RCP 8.5 for +4˚C.",46,Irrelevant,N/A,N/A,N/A,N/A,N/A,N/A,N/A,N/A,N/A
ASICS_sustainability_report_2024.pdf,47,3,"Parameters such as price trends of materials used in our products and product labeling regulations would affect the related costs. We assumed that the relevant stakeholders would aim to align the methodology of reporting and labeling as much as possible, therefore we have not included the costs to accommodate them individually. Parameters such as locations of our manufacturing facilities and heat index in key markets would affect the level of climate risks. We assumed that, toward 2030, the major manufacturing locations and key markets would likely remain the same, therefore we have not included the costs for other locations.",91,Relevant,SDG_13: Climate Action,Economic,Informative,Qualitative,High Potential Greenwashing,Climate,GRI 306,Economical Aspect (GRI 201),Climate Action (SDG13)
ASICS_sustainability_report_2024.pdf,47,4,"We used SSP2 toward 2030 and 2050 in conjunction with the scenario as an analytical choice. The analysis using this scenario was quantitative. Read more on page 50 of our Integrated Report 2023 → 4.3 billion yen (2050, 4˚C) 2.4 billion yen (2050, 4˚C) 13 billion yen 0.7 billion yen. ",33,Relevant,SDG_12: Responsible Consumption,Environmental,Informative,Quantitative,Low Potential Greenwashing,Climate,GRI 201,Economical Aspect (GRI 201),Climate Action (SDG13)
ASICS_sustainability_report_2024.pdf,47,5,Rollout of products and services that respond to rising temperatures →Applying knowledge of ergonomic research and digitalization and offering solutions to allow sports to be enjoyed in comfort in any environment.,29,Irrelevant,N/A,N/A,N/A,N/A,N/A,N/A,N/A,N/A,N/A
ASICS_sustainability_report_2024.pdf,47,6,→Expansion of products that can adapt to rising temperatures. →Rollout of adaptable services even if there is a reduction in opportunities for playing sports outside.,21,Irrelevant,N/A,N/A,N/A,N/A,N/A,N/A,N/A,N/A,N/A
ASICS_sustainability_report_2024.pdf,47,7,We are the world's first sporting goods manufacturer to support the Financial Stability Board's Task Force on Climate- Related Financial Disclosures (TCFD) Scenario Analysis and we are actively promoting the disclosure of information based on TCFD. We have identified risks and opportunities based on scenario analysis and have analyzed their impacts and response measures. This is reflected in our business strategy.,54,Relevant,SDG_13: Climate Action,Economic,Informative,Qualitative,High Potential Greenwashing,Climate,GRI 201,Economical Aspect (GRI 201),Climate Action (SDG13)
ASICS_sustainability_report_2024.pdf,48,1,"The climate crisis is ever visible, with steadily rising temperatures and an increasing number of extreme weather events occurring every year globally. This poses threats to communities around the world, to our company, and to the sports industry.",33,Relevant,SDG_13: Climate Action,Economic,Non-informative/Vague,Qualitative,High Potential Greenwashing,Climate,GRI 201,Economical Aspect (GRI 201),Climate Action (SDG13)
ASICS_sustainability_report_2024.pdf,48,2,"Yet I have hope. This report shows the many actions we have taken, as a company and in collaboration with ­business partners and other stakeholders across the industry, to minimize our negative impacts and tackle climate change. Our targets are ambitious: we aim to achieve net-zero by 2050. The actions we have identified to accelerate our path to net-zero include increasing our collective use of renewable energy, adopting a circular business model, and innovating products with lower emissions.",66,Relevant,SDG_13: Climate Action,Environmental,Informative,Qualitative,High Potential Greenwashing,Climate,GRI 302,Environmental Aspect (GRI 305),Climate Action (SDG13)
ASICS_sustainability_report_2024.pdf,48,3,"To help us get there, we are accelerating our ­transformation into a Global Integrated Enterprise (GIE), with digital innovation at its core. Through global digital supply chain reforms and a robust data platform, we are enhancing transparency, traceability, and climate ­transition by enabling supply chain decar- bonization—critical enablers on our net-zero journey. Our digital efforts also support our human rights due diligence, expand our Running Ecosystem, and foster consumer engagement through initiatives like Run for Reforestation.",61,Relevant,SDG_9: Industry & Innovation,Environmental,Informative,Qualitative,High Potential Greenwashing,Climate,GRI 306,General Aspect (GRI 2),Non-Climate Action
ASICS_sustainability_report_2024.pdf,48,4,"Our sustainability strategy focuses on balancing people and planet: we aim to support mental and physical ­well-being, from providing sports products and services for consumers to protecting human rights among workers in our supply chain. Our commitment to people is clear in this report, and I am proud of the community strength we are building around many of our activities.",55,Relevant,SDG_8: Economic Growth,General,Informative,Qualitative,High Potential Greenwashing,Non-Climate,GRI 2,General Aspect (GRI 2),Non-Climate Action
ASICS_sustainability_report_2024.pdf,48,5,"As we look ahead to 2025 and beyond, we are working towards targets set out in our Mid-Term Plan 2026 and climate transition plan. Future reports will detail our progress on this journey.",27,Relevant,SDG_13: Climate Action,Economic,Informative,Qualitative,High Potential Greenwashing,Climate,GRI 201,Economical Aspect (GRI 201),Climate Action (SDG13)
ASICS_sustainability_report_2024.pdf,50,1,"CO2 emissions (tons) 2022 2023 2024 1. Purchased goods and services 675,053 82.7% 596,452 82.8% 651,189 83.9% 2. Capital goods 14,936 1.8% 18,452 2.6% 14,651 1.9% 3. Fuel-and-enery related activities 882 0.1% 894 0.1% 820 0.1% 4. Upstream transportation and distribution 61,641 7.6% 48,433 6.7% 46,928 6.0% 5. Waste generated in operations 40 0.0% 31 0.0% 46 0.0% 6. Business travel 2,621 0.3% 4,465 0.6% 5,382 0.7% 7. Employee commuting 437 0.1% 416 0.06% 452 0.1% 8. Upstream leased assets - - - 9. Downstream transportation and distribution 7,981 1.0% 6,531 0.9% 7,396 1.0% 10. Processing of sold products - - - 11. Use of sold products 18,143 2.2% 16,275 2.3% 17,050 2.2% 12. End-of-life treatment of sold products 34,532 4.2% 28,465 4.0% 32,102 4.1% 13. Downstream leased assets - - - 14. Franchises - - - 15. Investments - - -",45,Relevant,SDG_11: Sustainable Cities,Environmental,Informative,Quantitative,Low Potential Greenwashing,Climate,GRI 305,Economical Aspect (GRI 201),Climate Action (SDG13)
ASICS_sustainability_report_2024.pdf,50,2,"Total Scope 1, 2, 3 emissions 840,332 741,619 793,582 * ASICS has been confirming the use of biofuels in its supply chain and is collaborating with suppliers to begin data collection. Moving forward, ASICS will advance its efforts to understand the volume of biofuels used and prepare for calculations and disclosures in accordance with changes in the GHG Protocol related to biofuels.",51,Relevant,SDG_12: Responsible Consumption,Environmental,Informative,Quantitative,High Potential Greenwashing,Climate,GRI 302,Environmental Aspect (GRI 305),Climate Action (SDG13)
ASICS_sustainability_report_2024.pdf,51,1,"Structured according to the results of our double materiality analysis, this ASICS Sustainability Report 2024 outlines our sustainability vision, strategy, targets, and activities across our material topics.",21,Relevant,SDG_8: Economic Growth,General,Informative,Qualitative,High Potential Greenwashing,Non-Climate,GRI 2,General Aspect (GRI 2),Non-Climate Action
ASICS_sustainability_report_2024.pdf,51,2,"Our sustainability efforts are guided by our Mid-Term Plan 2026, which was launched in 2023. The Plan sets out targets for 2026, which are on our road to our longer term 2030 and 2050 targets, including our net-zero emissions goal for 2050.",33,Relevant,SDG_8: Economic Growth,Environmental,Informative,Qualitative,Low Potential Greenwashing,Climate,GRI 302,Economical Aspect (GRI 201),Climate Action (SDG13)
ASICS_sustainability_report_2024.pdf,51,3,"This report is part of our ongoing reporting and reflects our sustainability performance in 2024. Our 2024 Sustainability Report is released on 30 June 2025. This report covers ASICS and its consolidated subsidiaries, and discloses results and activities for the calendar year from January 1 to December 31, 2024. It is designed to be used alongside the ASICS Integrated Report, which provides the broader picture, showing how sustainability is integrated into our core values and business strategy to increase our value creation.",71,Relevant,SDG_8: Economic Growth,General,Informative,Qualitative,High Potential Greenwashing,Non-Climate,GRI 2,General Aspect (GRI 2),Non-Climate Action
